{
  "custom": {},
  "params": {},
  "props": {
    "defaultSize": {
      "width": 260
    }
  },
  "root": {
    "children": [
      {
        "meta": {
          "name": "Features"
        },
        "position": {
          "grow": 1,
          "shrink": 0
        },
        "propConfig": {
          "props.items[0].style.fontWeight": {
            "binding": {
              "config": {
                "path": "page.props.path"
              },
              "transforms": [
                {
                  "expression": "if ({value} \u003d {this.props.items[0].target}, \"bold\", \"normal\")",
                  "type": "expression"
                }
              ],
              "type": "property"
            }
          },
          "props.items[1].style.fontWeight": {
            "binding": {
              "config": {
                "path": "page.props.path"
              },
              "transforms": [
                {
                  "expression": "if ({value} \u003d {this.props.items[1].target}, \"bold\", \"normal\")",
                  "type": "expression"
                }
              ],
              "type": "property"
            }
          },
          "props.items[2].style.fontWeight": {
            "binding": {
              "config": {
                "path": "page.props.path"
              },
              "transforms": [
                {
                  "expression": "if ({value} \u003d {this.props.items[2].target}, \"bold\", \"normal\")",
                  "type": "expression"
                }
              ],
              "type": "property"
            }
          }
        },
        "props": {
          "backActionStyle": {
            "classes": "Menu/All_Header"
          },
          "backActionText": "All Features",
          "itemStyle": {
            "classes": "Menu/Item_Vertical"
          },
          "items": [
            {
              "items": [],
              "label": {
                "icon": {
                  "path": "material/home"
                },
                "text": "Home"
              },
              "navIcon": {},
              "showHeader": false,
              "style": {
                "classes": ""
              },
              "target": "/"
            },
            {
              "items": [],
              "label": {
                "icon": {
                  "path": "material/show_chart"
                },
                "text": "Históricos"
              },
              "navIcon": {},
              "showHeader": false,
              "style": {
                "classes": ""
              },
              "target": "/charts"
            },
            {
              "items": [],
              "label": {
                "icon": {
                  "path": "material/alarm"
                },
                "text": "Alarmas"
              },
              "navIcon": {},
              "showHeader": false,
              "style": {
                "classes": ""
              },
              "target": "/alarms"
            }
          ]
        },
        "type": "ia.navigation.menutree"
      }
    ],
    "meta": {
      "name": "root"
    },
    "props": {
      "style": {
        "classes": "Menu/Menu_Vertical"
      }
    },
    "type": "ia.container.flex"
  }
}