{
  "base": {
    "style": {
      "backgroundColor": "var(--neutral-30)",
      "borderBottomColor": "var(--neutral-60)",
      "borderBottomStyle": "solid",
      "borderBottomWidth": "1px",
      "borderLeftColor": "var(--neutral-60)",
      "borderLeftStyle": "solid",
      "borderLeftWidth": "1px",
      "borderRightColor": "var(--neutral-60)",
      "borderRightStyle": "solid",
      "borderRightWidth": "1px",
      "borderTopColor": "var(--neutral-60)",
      "borderTopStyle": "solid",
      "borderTopWidth": "1px"
    }
  }
}