[{"id":"user-image-logo-Logosimboloblack.drawio.png","publicUrl":"np://user.desktop.nicepage.com/Site_1771230397/images/logo-Logosimboloblack.drawio.png","size":136574,"fileName":"logo-Logosimboloblack.drawio.png","name":"logo-Logosimboloblack.drawio","width":1080,"height":1435,"thumbnail":{"url":"np://user.desktop.nicepage.com/Site_1771230397/images/thumbnails/logo-Logosimboloblack.drawio.png","width":188,"height":250}},{"id":"user-image-logo-CopyofLogosimbolo.drawio.png","publicUrl":"np://user.desktop.nicepage.com/Site_1771230397/images/logo-CopyofLogosimbolo.drawio.png","size":114207,"fileName":"logo-CopyofLogosimbolo.drawio.png","name":"logo-CopyofLogosimbolo.drawio","width":1080,"height":1080,"thumbnail":{"url":"np://user.desktop.nicepage.com/Site_1771230397/images/thumbnails/logo-CopyofLogosimbolo.drawio.png","width":250,"height":250}},{"id":"user-image-IMG_20180330_114535492.jpg","publicUrl":"np://user.desktop.nicepage.com/Site_1771230397/images/IMG_20180330_114535492.jpg","size":467715,"fileName":"IMG_20180330_114535492.jpg","name":"IMG_20180330_114535492","width":1440,"height":1920,"thumbnail":{"url":"np://user.desktop.nicepage.com/Site_1771230397/images/thumbnails/IMG_20180330_114535492.jpg","width":188,"height":250}},{"id":"user-image-7082602.png","publicUrl":"np://user.desktop.nicepage.com/Site_1771230397/images/7082602.png","size":2238,"fileName":"7082602.png","name":"7082602","width":128,"height":128,"thumbnail":{"url":"np://user.desktop.nicepage.com/Site_1771230397/images/thumbnails/7082602.png","width":128,"height":128,"length":2238}},{"id":"user-image-3222629.png","publicUrl":"np://user.desktop.nicepage.com/Site_1771230397/images/3222629.png","size":5372,"fileName":"3222629.png","name":"3222629","width":128,"height":128,"thumbnail":{"url":"np://user.desktop.nicepage.com/Site_1771230397/images/thumbnails/3222629.png","width":128,"height":128,"length":5372}},{"id":"user-image-4299186.png","publicUrl":"np://user.desktop.nicepage.com/Site_1771230397/images/4299186.png","size":3004,"fileName":"4299186.png","name":"4299186","width":128,"height":128,"thumbnail":{"url":"np://user.desktop.nicepage.com/Site_1771230397/images/thumbnails/4299186.png","width":128,"height":128,"length":3004}},{"id":"user-image-2576581.png","publicUrl":"np://user.desktop.nicepage.com/Site_1771230397/images/2576581.png","size":3225,"fileName":"2576581.png","name":"2576581","width":128,"height":128,"thumbnail":{"url":"np://user.desktop.nicepage.com/Site_1771230397/images/thumbnails/2576581.png","width":128,"height":128,"length":3225}},{"id":"user-image-2432846.png","publicUrl":"np://user.desktop.nicepage.com/Site_1771230397/images/2432846.png","size":2710,"fileName":"2432846.png","name":"2432846","width":128,"height":128,"thumbnail":{"url":"np://user.desktop.nicepage.com/Site_1771230397/images/thumbnails/2432846.png","width":128,"height":128,"length":2710}},{"id":"user-image-2098313.png","publicUrl":"np://user.desktop.nicepage.com/Site_1771230397/images/2098313.png","size":4030,"fileName":"2098313.png","name":"2098313","width":128,"height":128,"thumbnail":{"url":"np://user.desktop.nicepage.com/Site_1771230397/images/thumbnails/2098313.png","width":128,"height":128,"length":4030}},{"id":"user-image-780477.png","publicUrl":"np://user.desktop.nicepage.com/Site_1771230397/images/780477.png","size":3560,"fileName":"780477.png","name":"780477","width":128,"height":128,"thumbnail":{"url":"np://user.desktop.nicepage.com/Site_1771230397/images/thumbnails/780477.png","width":128,"height":128,"length":3560}},{"id":"user-image-1433114.png","publicUrl":"np://user.desktop.nicepage.com/Site_1771230397/images/1433114.png","size":5081,"fileName":"1433114.png","name":"1433114","width":128,"height":128,"thumbnail":{"url":"np://user.desktop.nicepage.com/Site_1771230397/images/thumbnails/1433114.png","width":128,"height":128,"length":5081}},{"id":"user-image-1077976.png","publicUrl":"np://user.desktop.nicepage.com/Site_1771230397/images/1077976.png","size":3689,"fileName":"1077976.png","name":"1077976","width":128,"height":128,"thumbnail":{"url":"np://user.desktop.nicepage.com/Site_1771230397/images/thumbnails/1077976.png","width":128,"height":128,"length":3689}},{"id":"user-image-1070717720-0.jpeg","publicUrl":"np://user.desktop.nicepage.com/Site_1771230397/images/1070717720-0.jpeg","size":255576,"fileName":"1070717720-0.jpeg","name":"1070717720-0","width":1553,"height":1000,"thumbnail":{"url":"np://user.desktop.nicepage.com/Site_1771230397/images/thumbnails/1070717720-0.jpeg","width":250,"height":161}},{"id":"user-image-behang-met-een-pakhuis_9.webp","publicUrl":"np://user.desktop.nicepage.com/Site_1771230397/images/behang-met-een-pakhuis_9.webp","size":82894,"fileName":"behang-met-een-pakhuis_9.webp","name":"behang-met-een-pakhuis_9","width":1024,"height":682,"thumbnail":{"url":"np://user.desktop.nicepage.com/Site_1771230397/images/behang-met-een-pakhuis_9.webp","width":250,"height":167}},{"id":"user-image-pexels-vladimir-konoplev-12088590-Copy.jpg","publicUrl":"np://user.desktop.nicepage.com/Site_1771230397/images/pexels-vladimir-konoplev-12088590-Copy.jpg","size":107393,"fileName":"pexels-vladimir-konoplev-12088590-Copy.jpg","name":"pexels-vladimir-konoplev-12088590-Copy","width":724,"height":1080,"thumbnail":{"url":"np://user.desktop.nicepage.com/Site_1771230397/images/thumbnails/pexels-vladimir-konoplev-12088590-Copy.jpg","width":168,"height":250},"originalUrl":"//images01.nicepagecdn.com/a1389d7bc73adea1e1c1fb7e/ad7c4b0259075c5e84364529/pexels-vladimir-konoplev-12088590-Copy.jpg"},{"id":"user-image-rtrait-young-woman-casual-clothes-with-blonde-dyed-hair-gently-smiling-during-pleasant-conversation-standing-closed-posture.jpg","publicUrl":"np://user.desktop.nicepage.com/Site_1771230397/images/rtrait-young-woman-casual-clothes-with-blonde-dyed-hair-gently-smiling-during-pleasant-conversation-standing-closed-posture.jpg","size":52267,"fileName":"rtrait-young-woman-casual-clothes-with-blonde-dyed-hair-gently-smiling-during-pleasant-conversation-standing-closed-posture.jpg","name":"rtrait-young-woman-casual-clothes-with-blonde-dyed-hair-gently-smiling-during-pleasant-conversation-standing-closed-posture","width":1500,"height":1000,"thumbnail":{"url":"np://user.desktop.nicepage.com/Site_1771230397/images/thumbnails/rtrait-young-woman-casual-clothes-with-blonde-dyed-hair-gently-smiling-during-pleasant-conversation-standing-closed-posture.jpg","width":250,"height":167},"originalUrl":"//images01.nicepagecdn.com/a1389d7bc73adea1e1c1fb7e/04ee3ddda8d95834bb92e570/portrait-young-woman-casual-clothes-with-blonde-dyed-hair-gently-smiling-during-pleasant-conversation-standing-closed-posture.jpg"},{"id":"user-image-08a3461f-6e0c-4b94-8524-b2fc1f0ce15b.jpg","publicUrl":"np://user.desktop.nicepage.com/Site_1771230397/images/08a3461f-6e0c-4b94-8524-b2fc1f0ce15b.jpg","size":45480,"fileName":"08a3461f-6e0c-4b94-8524-b2fc1f0ce15b.jpg","name":"08a3461f-6e0c-4b94-8524-b2fc1f0ce15b","width":1500,"height":1000,"thumbnail":{"url":"np://user.desktop.nicepage.com/Site_1771230397/images/thumbnails/08a3461f-6e0c-4b94-8524-b2fc1f0ce15b.jpg","width":250,"height":167},"originalUrl":"//images01.nicepagecdn.com/a1389d7bc73adea1e1c1fb7e/861162f869e650e0b7798f66/08a3461f-6e0c-4b94-8524-b2fc1f0ce15b.jpg"},{"id":"user-image-e916e899-9128-4aac-8760-007d5815c973.jpg","publicUrl":"np://user.desktop.nicepage.com/Site_1771230397/images/e916e899-9128-4aac-8760-007d5815c973.jpg","size":50488,"fileName":"e916e899-9128-4aac-8760-007d5815c973.jpg","name":"e916e899-9128-4aac-8760-007d5815c973","width":1500,"height":1000,"thumbnail":{"url":"np://user.desktop.nicepage.com/Site_1771230397/images/thumbnails/e916e899-9128-4aac-8760-007d5815c973.jpg","width":250,"height":167},"originalUrl":"//images01.nicepagecdn.com/a1389d7bc73adea1e1c1fb7e/28d87030824150d899584d81/e916e899-9128-4aac-8760-007d5815c973.jpg"},{"id":"user-image-wp10989578.webp","publicUrl":"np://user.desktop.nicepage.com/Site_1771230397/images/wp10989578.webp","size":78100,"fileName":"wp10989578.webp","name":"wp10989578","width":1920,"height":1080,"thumbnail":{"url":"np://user.desktop.nicepage.com/Site_1771230397/images/wp10989578.webp","width":250,"height":141}},{"id":"user-image-8ef7a1ca-bbab-4852-84a2-da4a791746e3.jpg","publicUrl":"np://user.desktop.nicepage.com/Site_1771230397/images/8ef7a1ca-bbab-4852-84a2-da4a791746e3.jpg","size":193971,"fileName":"8ef7a1ca-bbab-4852-84a2-da4a791746e3.jpg","name":"8ef7a1ca-bbab-4852-84a2-da4a791746e3","width":1300,"height":700,"thumbnail":{"url":"np://user.desktop.nicepage.com/Site_1771230397/images/thumbnails/8ef7a1ca-bbab-4852-84a2-da4a791746e3.jpg","width":250,"height":135}},{"id":"user-image-wp10364287.webp","publicUrl":"np://user.desktop.nicepage.com/Site_1771230397/images/wp10364287.webp","size":174522,"fileName":"wp10364287.webp","name":"wp10364287","width":1920,"height":1080,"thumbnail":{"url":"np://user.desktop.nicepage.com/Site_1771230397/images/wp10364287.webp","width":250,"height":141}},{"id":"user-image-cropped-plant-growing-in-the-ground_menor_calidad-scaled-1-1536x942.jpg","publicUrl":"np://user.desktop.nicepage.com/Site_1771230397/images/cropped-plant-growing-in-the-ground_menor_calidad-scaled-1-1536x942.jpg","size":122127,"fileName":"cropped-plant-growing-in-the-ground_menor_calidad-scaled-1-1536x942.jpg","name":"cropped-plant-growing-in-the-ground_menor_calidad-scaled-1-1536x942","width":1536,"height":942,"thumbnail":{"url":"np://user.desktop.nicepage.com/Site_1771230397/images/thumbnails/cropped-plant-growing-in-the-ground_menor_calidad-scaled-1-1536x942.jpg","width":250,"height":153}},{"id":"user-image-wp1895394.jpg","publicUrl":"np://user.desktop.nicepage.com/Site_1771230397/images/wp1895394.jpg","size":940963,"fileName":"wp1895394.jpg","name":"wp1895394","width":2560,"height":1600,"thumbnail":{"url":"np://user.desktop.nicepage.com/Site_1771230397/images/thumbnails/wp1895394.jpg","width":250,"height":156}},{"id":"user-image--min1.jpg","publicUrl":"np://user.desktop.nicepage.com/Site_1771230397/images/-min1.jpg","size":171346,"fileName":"-min1.jpg","name":"-min1","width":1200,"height":881,"thumbnail":{"url":"np://user.desktop.nicepage.com/Site_1771230397/images/thumbnails/-min1.jpg","width":250,"height":184},"originalUrl":"//images02.nicepage.com/c461c07a441a5d220e8feb1a/5914b5a84d835618bb9e374c/-min.jpg"},{"id":"user-image-2e03c193859a99a283c84a2a0a67ff2ab42b4596e9f2debd5794ee57c99b6312a31d407090e1053c3a28a66d0403c09db4ff18ce2f4f314710c4dc_1280.jpg","publicUrl":"np://user.desktop.nicepage.com/Site_1771230397/images/2e03c193859a99a283c84a2a0a67ff2ab42b4596e9f2debd5794ee57c99b6312a31d407090e1053c3a28a66d0403c09db4ff18ce2f4f314710c4dc_1280.jpg","size":396516,"fileName":"2e03c193859a99a283c84a2a0a67ff2ab42b4596e9f2debd5794ee57c99b6312a31d407090e1053c3a28a66d0403c09db4ff18ce2f4f314710c4dc_1280.jpg","name":"2e03c193859a99a283c84a2a0a67ff2ab42b4596e9f2debd5794ee57c99b6312a31d407090e1053c3a28a66d0403c09db4ff18ce2f4f314710c4dc_1280","width":1280,"height":853,"thumbnail":{"url":"np://user.desktop.nicepage.com/Site_1771230397/images/thumbnails/2e03c193859a99a283c84a2a0a67ff2ab42b4596e9f2debd5794ee57c99b6312a31d407090e1053c3a28a66d0403c09db4ff18ce2f4f314710c4dc_1280.jpg","width":250,"height":167}},{"id":"user-image-f896c59a8aacb7bc1d7de09ffc8d532545151df21309bde2ad4212865d2f2ffe21375e8e0f8280008c79cca07c9a437c79b0f3c0d66d2d3ca0427d_1280.jpg","publicUrl":"np://user.desktop.nicepage.com/Site_1771230397/images/f896c59a8aacb7bc1d7de09ffc8d532545151df21309bde2ad4212865d2f2ffe21375e8e0f8280008c79cca07c9a437c79b0f3c0d66d2d3ca0427d_1280.jpg","size":180807,"fileName":"f896c59a8aacb7bc1d7de09ffc8d532545151df21309bde2ad4212865d2f2ffe21375e8e0f8280008c79cca07c9a437c79b0f3c0d66d2d3ca0427d_1280.jpg","name":"f896c59a8aacb7bc1d7de09ffc8d532545151df21309bde2ad4212865d2f2ffe21375e8e0f8280008c79cca07c9a437c79b0f3c0d66d2d3ca0427d_1280","width":1280,"height":719,"thumbnail":{"url":"np://user.desktop.nicepage.com/Site_1771230397/images/thumbnails/f896c59a8aacb7bc1d7de09ffc8d532545151df21309bde2ad4212865d2f2ffe21375e8e0f8280008c79cca07c9a437c79b0f3c0d66d2d3ca0427d_1280.jpg","width":250,"height":140}},{"id":"user-image-0f7c99f8f6dd805612c11862973e70761eddad53e3159ddd0d6464ca87bcb7577bcd0f986c0c16a35dc70f33c885280b1d1eb68d80da87c2234919_1280.jpg","publicUrl":"np://user.desktop.nicepage.com/Site_1771230397/images/0f7c99f8f6dd805612c11862973e70761eddad53e3159ddd0d6464ca87bcb7577bcd0f986c0c16a35dc70f33c885280b1d1eb68d80da87c2234919_1280.jpg","size":121801,"fileName":"0f7c99f8f6dd805612c11862973e70761eddad53e3159ddd0d6464ca87bcb7577bcd0f986c0c16a35dc70f33c885280b1d1eb68d80da87c2234919_1280.jpg","name":"0f7c99f8f6dd805612c11862973e70761eddad53e3159ddd0d6464ca87bcb7577bcd0f986c0c16a35dc70f33c885280b1d1eb68d80da87c2234919_1280","width":1280,"height":853,"thumbnail":{"url":"np://user.desktop.nicepage.com/Site_1771230397/images/thumbnails/0f7c99f8f6dd805612c11862973e70761eddad53e3159ddd0d6464ca87bcb7577bcd0f986c0c16a35dc70f33c885280b1d1eb68d80da87c2234919_1280.jpg","width":250,"height":167}},{"id":"user-image-b3f4b86ef58470c64a2fac6933e3e9764611c6e1a943e797717a661ffc626925f5ab6e37fddcef160d3a559444397b636dc3c81d99681065f156ee_1280.jpg","publicUrl":"np://user.desktop.nicepage.com/Site_1771230397/images/b3f4b86ef58470c64a2fac6933e3e9764611c6e1a943e797717a661ffc626925f5ab6e37fddcef160d3a559444397b636dc3c81d99681065f156ee_1280.jpg","size":198653,"fileName":"b3f4b86ef58470c64a2fac6933e3e9764611c6e1a943e797717a661ffc626925f5ab6e37fddcef160d3a559444397b636dc3c81d99681065f156ee_1280.jpg","name":"b3f4b86ef58470c64a2fac6933e3e9764611c6e1a943e797717a661ffc626925f5ab6e37fddcef160d3a559444397b636dc3c81d99681065f156ee_1280","width":1280,"height":853,"thumbnail":{"url":"np://user.desktop.nicepage.com/Site_1771230397/images/thumbnails/b3f4b86ef58470c64a2fac6933e3e9764611c6e1a943e797717a661ffc626925f5ab6e37fddcef160d3a559444397b636dc3c81d99681065f156ee_1280.jpg","width":250,"height":167}},{"id":"user-image-businessman-checking-stock-market-online_53876-11970.jpg","publicUrl":"np://user.desktop.nicepage.com/Site_1771230397/images/businessman-checking-stock-market-online_53876-11970.jpg","size":138930,"fileName":"businessman-checking-stock-market-online_53876-11970.jpg","name":"businessman-checking-stock-market-online_53876-11970","width":626,"height":417,"thumbnail":{"url":"np://user.desktop.nicepage.com/Site_1771230397/images/thumbnails/businessman-checking-stock-market-online_53876-11970.jpg","width":250,"height":167},"originalUrl":"//images01.nicepage.com/c461c07a441a5d220e8feb1a/b534a78ec5a150be9df34412/businessman-checking-stock-market-online_53876-11970.jpg"},{"id":"user-image-music-player-app-interface-set_23-2148547854.jpg","publicUrl":"np://user.desktop.nicepage.com/Site_1771230397/images/music-player-app-interface-set_23-2148547854.jpg","size":80515,"fileName":"music-player-app-interface-set_23-2148547854.jpg","name":"music-player-app-interface-set_23-2148547854","width":626,"height":626,"thumbnail":{"url":"np://user.desktop.nicepage.com/Site_1771230397/images/thumbnails/music-player-app-interface-set_23-2148547854.jpg","width":250,"height":250},"originalUrl":"//images01.nicepage.com/c461c07a441a5d220e8feb1a/8b0c6018708c54bfb36443dd/music-player-app-interface-set_23-2148547854.jpg"},{"id":"user-image-MQTT211.png","publicUrl":"np://user.desktop.nicepage.com/Site_1771230397/images/MQTT211.png","size":14642,"fileName":"MQTT211.png","name":"MQTT211","width":270,"height":268,"thumbnail":{"url":"np://user.desktop.nicepage.com/Site_1771230397/images/thumbnails/MQTT211.png","width":250,"height":248}},{"id":"user-image-OPC.png","publicUrl":"np://user.desktop.nicepage.com/Site_1771230397/images/OPC.png","size":41538,"fileName":"OPC.png","name":"OPC","width":600,"height":172,"thumbnail":{"url":"np://user.desktop.nicepage.com/Site_1771230397/images/thumbnails/OPC.png","width":250,"height":72}},{"id":"user-image-node-red-icon.png","publicUrl":"np://user.desktop.nicepage.com/Site_1771230397/images/node-red-icon.png","size":15345,"fileName":"node-red-icon.png","name":"node-red-icon","width":480,"height":480,"thumbnail":{"url":"np://user.desktop.nicepage.com/Site_1771230397/images/thumbnails/node-red-icon.png","width":250,"height":250}},{"id":"user-image-v.png","publicUrl":"np://user.desktop.nicepage.com/Site_1771230397/images/v.png","size":7862,"fileName":"v.png","name":"v","width":500,"height":375,"thumbnail":{"url":"np://user.desktop.nicepage.com/Site_1771230397/images/thumbnails/v.png","width":250,"height":188},"originalUrl":"//images03.nicepage.com/c461c07a441a5d220e8feb1a/209c78aef762539f84873ece/v.png"},{"id":"user-image--min2.jpg","publicUrl":"np://user.desktop.nicepage.com/Site_1771230397/images/-min2.jpg","size":99798,"fileName":"-min2.jpg","name":"-min2","width":1782,"height":1080,"thumbnail":{"url":"np://user.desktop.nicepage.com/Site_1771230397/images/thumbnails/-min2.jpg","width":250,"height":152},"originalUrl":"//images01.nicepage.com/c461c07a441a5d220e8feb1a/0368ac4b59b75190a2cd6f0c/-min.jpg"},{"id":"user-image-cxc.jpg","publicUrl":"np://user.desktop.nicepage.com/Site_1771230397/images/cxc.jpg","size":109015,"fileName":"cxc.jpg","name":"cxc","width":800,"height":800,"thumbnail":{"url":"np://user.desktop.nicepage.com/Site_1771230397/images/thumbnails/cxc.jpg","width":250,"height":250},"originalUrl":"//images01.nicepage.com/c461c07a441a5d220e8feb1a/9d4ca64cc3e75862bc42eb49/cxc.jpg"},{"id":"user-image-swa-min.jpg","publicUrl":"np://user.desktop.nicepage.com/Site_1771230397/images/swa-min.jpg","size":161702,"fileName":"swa-min.jpg","name":"swa-min","width":1980,"height":792,"thumbnail":{"url":"np://user.desktop.nicepage.com/Site_1771230397/images/thumbnails/swa-min.jpg","width":250,"height":100},"originalUrl":"//images03.nicepage.com/c461c07a441a5d220e8feb1a/bd42e19406b8580098a14e65/swa-min.jpg"},{"id":"user-image--min3.jpg","publicUrl":"np://user.desktop.nicepage.com/Site_1771230397/images/-min3.jpg","size":78794,"fileName":"-min3.jpg","name":"-min3","width":1200,"height":1048,"thumbnail":{"url":"np://user.desktop.nicepage.com/Site_1771230397/images/thumbnails/-min3.jpg","width":250,"height":218},"originalUrl":"//images01.nicepage.com/c461c07a441a5d220e8feb1a/b766ccaa3ba558588f0ca034/-min.jpg"},{"id":"user-image-cvb.jpg","publicUrl":"np://user.desktop.nicepage.com/Site_1771230397/images/cvb.jpg","size":336823,"fileName":"cvb.jpg","name":"cvb","width":1200,"height":1200,"thumbnail":{"url":"np://user.desktop.nicepage.com/Site_1771230397/images/thumbnails/cvb.jpg","width":250,"height":250},"originalUrl":"//images01.nicepage.com/c461c07a441a5d220e8feb1a/533bb9280d125b309a000741/cvb.jpg?version="},{"id":"user-image-g4f2a3e99b7fc209a1727c11cb93d1a7bcc96bf6a834e3ae4c1acc230a267a1881c2b59c2ca929addbc7b22f851510b17_1280.jpg","publicUrl":"np://user.desktop.nicepage.com/Site_1771230397/images/g4f2a3e99b7fc209a1727c11cb93d1a7bcc96bf6a834e3ae4c1acc230a267a1881c2b59c2ca929addbc7b22f851510b17_1280.jpg","size":270599,"fileName":"g4f2a3e99b7fc209a1727c11cb93d1a7bcc96bf6a834e3ae4c1acc230a267a1881c2b59c2ca929addbc7b22f851510b17_1280.jpg","name":"g4f2a3e99b7fc209a1727c11cb93d1a7bcc96bf6a834e3ae4c1acc230a267a1881c2b59c2ca929addbc7b22f851510b17_1280","width":1280,"height":1024,"thumbnail":{"url":"np://user.desktop.nicepage.com/Site_1771230397/images/thumbnails/g4f2a3e99b7fc209a1727c11cb93d1a7bcc96bf6a834e3ae4c1acc230a267a1881c2b59c2ca929addbc7b22f851510b17_1280.jpg","width":250,"height":200}}]