[{"id":"user-image-ecoeval4.png","publicUrl":"np://user.desktop.nicepage.com/Site_173828423/images/ecoeval4.png","size":78363,"fileName":"ecoeval4.png","name":"ecoeval4","width":602,"height":328,"thumbnail":{"url":"np://user.desktop.nicepage.com/Site_173828423/images/thumbnails/ecoeval4.png","width":250,"height":136}},{"id":"user-image-1070717720-0.jpeg","publicUrl":"np://user.desktop.nicepage.com/Site_173828423/images/1070717720-0.jpeg","size":255576,"fileName":"1070717720-0.jpeg","name":"1070717720-0","width":1553,"height":1000,"thumbnail":{"url":"np://user.desktop.nicepage.com/Site_173828423/images/thumbnails/1070717720-0.jpeg","width":250,"height":161}},{"id":"user-image-1077976.png","publicUrl":"np://user.desktop.nicepage.com/Site_173828423/images/1077976.png","size":3689,"fileName":"1077976.png","name":"1077976","width":128,"height":128,"thumbnail":{"url":"np://user.desktop.nicepage.com/Site_173828423/images/thumbnails/1077976.png","width":128,"height":128,"length":3689}},{"id":"user-image-1433114.png","publicUrl":"np://user.desktop.nicepage.com/Site_173828423/images/1433114.png","size":5081,"fileName":"1433114.png","name":"1433114","width":128,"height":128,"thumbnail":{"url":"np://user.desktop.nicepage.com/Site_173828423/images/thumbnails/1433114.png","width":128,"height":128,"length":5081}},{"id":"user-image-1659763.png","publicUrl":"np://user.desktop.nicepage.com/Site_173828423/images/1659763.png","size":913,"fileName":"1659763.png","name":"1659763","width":128,"height":128,"thumbnail":{"url":"np://user.desktop.nicepage.com/Site_173828423/images/thumbnails/1659763.png","width":128,"height":128,"length":913}},{"id":"user-image-16x9-5069-l340erm-compactlogix-5380-controller.2399.jpg","publicUrl":"np://user.desktop.nicepage.com/Site_173828423/images/16x9-5069-l340erm-compactlogix-5380-controller.2399.jpg","size":91475,"fileName":"16x9-5069-l340erm-compactlogix-5380-controller.2399.jpg","name":"16x9-5069-l340erm-compactlogix-5380-controller.2399","width":2399,"height":1350,"thumbnail":{"url":"np://user.desktop.nicepage.com/Site_173828423/images/thumbnails/16x9-5069-l340erm-compactlogix-5380-controller.2399.jpg","width":250,"height":141}},{"id":"user-image-2.PNG","publicUrl":"np://user.desktop.nicepage.com/Site_173828423/images/2.PNG","size":21713,"fileName":"2.PNG","name":"2","width":529,"height":741,"thumbnail":{"url":"np://user.desktop.nicepage.com/Site_173828423/images/thumbnails/2.PNG","width":178,"height":250}},{"id":"user-image-2022-10-2712.16.32.jpg","publicUrl":"np://user.desktop.nicepage.com/Site_173828423/images/2022-10-2712.16.32.jpg","size":49839,"fileName":"2022-10-2712.16.32.jpg","name":"2022-10-2712.16.32","width":1920,"height":1200,"thumbnail":{"url":"np://user.desktop.nicepage.com/Site_173828423/images/thumbnails/2022-10-2712.16.32.jpg","width":250,"height":156},"originalUrl":"//images01.nicepagecdn.com/a1389d7bc73adea1e1c1fb7e/c37e0843434f5e63814dbe38/2022-10-2712.16.32.jpg"},{"id":"user-image-2098313.png","publicUrl":"np://user.desktop.nicepage.com/Site_173828423/images/2098313.png","size":4030,"fileName":"2098313.png","name":"2098313","width":128,"height":128,"thumbnail":{"url":"np://user.desktop.nicepage.com/Site_173828423/images/thumbnails/2098313.png","width":128,"height":128,"length":4030}},{"id":"user-image-2432846.png","publicUrl":"np://user.desktop.nicepage.com/Site_173828423/images/2432846.png","size":2710,"fileName":"2432846.png","name":"2432846","width":128,"height":128,"thumbnail":{"url":"np://user.desktop.nicepage.com/Site_173828423/images/thumbnails/2432846.png","width":128,"height":128,"length":2710}},{"id":"user-image-2576581.png","publicUrl":"np://user.desktop.nicepage.com/Site_173828423/images/2576581.png","size":3225,"fileName":"2576581.png","name":"2576581","width":128,"height":128,"thumbnail":{"url":"np://user.desktop.nicepage.com/Site_173828423/images/thumbnails/2576581.png","width":128,"height":128,"length":3225}},{"id":"user-image-3222629.png","publicUrl":"np://user.desktop.nicepage.com/Site_173828423/images/3222629.png","size":5372,"fileName":"3222629.png","name":"3222629","width":128,"height":128,"thumbnail":{"url":"np://user.desktop.nicepage.com/Site_173828423/images/thumbnails/3222629.png","width":128,"height":128,"length":5372}},{"id":"user-image-4299186.png","publicUrl":"np://user.desktop.nicepage.com/Site_173828423/images/4299186.png","size":3004,"fileName":"4299186.png","name":"4299186","width":128,"height":128,"thumbnail":{"url":"np://user.desktop.nicepage.com/Site_173828423/images/thumbnails/4299186.png","width":128,"height":128,"length":3004}},{"id":"user-image-545682.png","publicUrl":"np://user.desktop.nicepage.com/Site_173828423/images/545682.png","size":755,"fileName":"545682.png","name":"545682","width":128,"height":128,"thumbnail":{"url":"np://user.desktop.nicepage.com/Site_173828423/images/thumbnails/545682.png","width":128,"height":128,"length":755}},{"id":"user-image-6.PNG","publicUrl":"np://user.desktop.nicepage.com/Site_173828423/images/6.PNG","size":5956,"fileName":"6.PNG","name":"6","width":325,"height":659,"thumbnail":{"url":"np://user.desktop.nicepage.com/Site_173828423/images/thumbnails/6.PNG","width":123,"height":250}},{"id":"user-image-7082602.png","publicUrl":"np://user.desktop.nicepage.com/Site_173828423/images/7082602.png","size":2238,"fileName":"7082602.png","name":"7082602","width":128,"height":128,"thumbnail":{"url":"np://user.desktop.nicepage.com/Site_173828423/images/thumbnails/7082602.png","width":128,"height":128,"length":2238}},{"id":"user-image-780477.png","publicUrl":"np://user.desktop.nicepage.com/Site_173828423/images/780477.png","size":3560,"fileName":"780477.png","name":"780477","width":128,"height":128,"thumbnail":{"url":"np://user.desktop.nicepage.com/Site_173828423/images/thumbnails/780477.png","width":128,"height":128,"length":3560}},{"id":"user-image-8ef7a1ca-bbab-4852-84a2-da4a791746e3.jpg","publicUrl":"np://user.desktop.nicepage.com/Site_173828423/images/8ef7a1ca-bbab-4852-84a2-da4a791746e3.jpg","size":193971,"fileName":"8ef7a1ca-bbab-4852-84a2-da4a791746e3.jpg","name":"8ef7a1ca-bbab-4852-84a2-da4a791746e3","width":1300,"height":700,"thumbnail":{"url":"np://user.desktop.nicepage.com/Site_173828423/images/thumbnails/8ef7a1ca-bbab-4852-84a2-da4a791746e3.jpg","width":250,"height":135}},{"id":"user-image-Danforlinkedin.jpeg","publicUrl":"np://user.desktop.nicepage.com/Site_173828423/images/Danforlinkedin.jpeg","size":27705,"fileName":"Danforlinkedin.jpeg","name":"Danforlinkedin","width":658,"height":647,"thumbnail":{"url":"np://user.desktop.nicepage.com/Site_173828423/images/thumbnails/Danforlinkedin.jpeg","width":250,"height":246}},{"id":"user-image-GP1.png","publicUrl":"np://user.desktop.nicepage.com/Site_173828423/images/GP1.png","size":154485,"fileName":"GP1.png","name":"GP1","width":602,"height":353,"thumbnail":{"url":"np://user.desktop.nicepage.com/Site_173828423/images/thumbnails/GP1.png","width":250,"height":147}},{"id":"user-image-GP2.png","publicUrl":"np://user.desktop.nicepage.com/Site_173828423/images/GP2.png","size":824238,"fileName":"GP2.png","name":"GP2","width":2070,"height":1213,"thumbnail":{"url":"np://user.desktop.nicepage.com/Site_173828423/images/thumbnails/GP2.png","width":250,"height":146}},{"id":"user-image-IMG_20180330_114535492.jpg","publicUrl":"np://user.desktop.nicepage.com/Site_173828423/images/IMG_20180330_114535492.jpg","size":467715,"fileName":"IMG_20180330_114535492.jpg","name":"IMG_20180330_114535492","width":1440,"height":1920,"thumbnail":{"url":"np://user.desktop.nicepage.com/Site_173828423/images/thumbnails/IMG_20180330_114535492.jpg","width":188,"height":250}},{"id":"user-image-MQTT211.png","publicUrl":"np://user.desktop.nicepage.com/Site_173828423/images/MQTT211.png","size":14642,"fileName":"MQTT211.png","name":"MQTT211","width":270,"height":268,"thumbnail":{"url":"np://user.desktop.nicepage.com/Site_173828423/images/thumbnails/MQTT211.png","width":250,"height":248}},{"id":"user-image-ManagementRoutine.png","publicUrl":"np://user.desktop.nicepage.com/Site_173828423/images/ManagementRoutine.png","size":147848,"fileName":"ManagementRoutine.png","name":"ManagementRoutine","width":1451,"height":2155,"thumbnail":{"url":"np://user.desktop.nicepage.com/Site_173828423/images/thumbnails/ManagementRoutine.png","width":168,"height":250}},{"id":"user-image-OPC.png","publicUrl":"np://user.desktop.nicepage.com/Site_173828423/images/OPC.png","size":41538,"fileName":"OPC.png","name":"OPC","width":600,"height":172,"thumbnail":{"url":"np://user.desktop.nicepage.com/Site_173828423/images/thumbnails/OPC.png","width":250,"height":72}},{"id":"user-image-ROB4.png","publicUrl":"np://user.desktop.nicepage.com/Site_173828423/images/ROB4.png","size":43158,"fileName":"ROB4.png","name":"ROB4","width":384,"height":405,"thumbnail":{"url":"np://user.desktop.nicepage.com/Site_173828423/images/thumbnails/ROB4.png","width":237,"height":250}},{"id":"user-image-ROB41.png","publicUrl":"np://user.desktop.nicepage.com/Site_173828423/images/ROB41.png","size":22265,"fileName":"ROB41.png","name":"ROB41","width":366,"height":339,"thumbnail":{"url":"np://user.desktop.nicepage.com/Site_173828423/images/thumbnails/ROB41.png","width":250,"height":232}},{"id":"user-image-ROB410.png","publicUrl":"np://user.desktop.nicepage.com/Site_173828423/images/ROB410.png","size":17246,"fileName":"ROB410.png","name":"ROB410","width":240,"height":198,"thumbnail":{"url":"np://user.desktop.nicepage.com/Site_173828423/images/thumbnails/ROB410.png","width":240,"height":198,"length":17246}},{"id":"user-image-ROB411.png","publicUrl":"np://user.desktop.nicepage.com/Site_173828423/images/ROB411.png","size":19270,"fileName":"ROB411.png","name":"ROB411","width":382,"height":405,"thumbnail":{"url":"np://user.desktop.nicepage.com/Site_173828423/images/thumbnails/ROB411.png","width":236,"height":250}},{"id":"user-image-ROB42.png","publicUrl":"np://user.desktop.nicepage.com/Site_173828423/images/ROB42.png","size":7145,"fileName":"ROB42.png","name":"ROB42","width":290,"height":225,"thumbnail":{"url":"np://user.desktop.nicepage.com/Site_173828423/images/thumbnails/ROB42.png","width":250,"height":194}},{"id":"user-image-ROB43.png","publicUrl":"np://user.desktop.nicepage.com/Site_173828423/images/ROB43.png","size":26110,"fileName":"ROB43.png","name":"ROB43","width":258,"height":243,"thumbnail":{"url":"np://user.desktop.nicepage.com/Site_173828423/images/thumbnails/ROB43.png","width":250,"height":235}},{"id":"user-image-ROB45.png","publicUrl":"np://user.desktop.nicepage.com/Site_173828423/images/ROB45.png","size":157092,"fileName":"ROB45.png","name":"ROB45","width":417,"height":384,"thumbnail":{"url":"np://user.desktop.nicepage.com/Site_173828423/images/thumbnails/ROB45.png","width":250,"height":230}},{"id":"user-image-ROB47.png","publicUrl":"np://user.desktop.nicepage.com/Site_173828423/images/ROB47.png","size":30540,"fileName":"ROB47.png","name":"ROB47","width":606,"height":249,"thumbnail":{"url":"np://user.desktop.nicepage.com/Site_173828423/images/thumbnails/ROB47.png","width":250,"height":103}},{"id":"user-image-ROB48.png","publicUrl":"np://user.desktop.nicepage.com/Site_173828423/images/ROB48.png","size":13355,"fileName":"ROB48.png","name":"ROB48","width":254,"height":207,"thumbnail":{"url":"np://user.desktop.nicepage.com/Site_173828423/images/thumbnails/ROB48.png","width":250,"height":204}},{"id":"user-image-ROB49.png","publicUrl":"np://user.desktop.nicepage.com/Site_173828423/images/ROB49.png","size":15743,"fileName":"ROB49.png","name":"ROB49","width":264,"height":209,"thumbnail":{"url":"np://user.desktop.nicepage.com/Site_173828423/images/thumbnails/ROB49.png","width":250,"height":198}},{"id":"user-image-b3f4b86ef58470c64a2fac6933e3e9764611c6e1a943e797717a661ffc626925f5ab6e37fddcef160d3a559444397b636dc3c81d99681065f156ee_1280.jpg","publicUrl":"np://user.desktop.nicepage.com/Site_173828423/images/b3f4b86ef58470c64a2fac6933e3e9764611c6e1a943e797717a661ffc626925f5ab6e37fddcef160d3a559444397b636dc3c81d99681065f156ee_1280.jpg","size":198653,"fileName":"b3f4b86ef58470c64a2fac6933e3e9764611c6e1a943e797717a661ffc626925f5ab6e37fddcef160d3a559444397b636dc3c81d99681065f156ee_1280.jpg","name":"b3f4b86ef58470c64a2fac6933e3e9764611c6e1a943e797717a661ffc626925f5ab6e37fddcef160d3a559444397b636dc3c81d99681065f156ee_1280","width":1280,"height":853,"thumbnail":{"url":"np://user.desktop.nicepage.com/Site_173828423/images/thumbnails/b3f4b86ef58470c64a2fac6933e3e9764611c6e1a943e797717a661ffc626925f5ab6e37fddcef160d3a559444397b636dc3c81d99681065f156ee_1280.jpg","width":250,"height":167}},{"id":"user-image-behang-met-een-pakhuis_9.webp","publicUrl":"np://user.desktop.nicepage.com/Site_173828423/images/behang-met-een-pakhuis_9.webp","size":82894,"fileName":"behang-met-een-pakhuis_9.webp","name":"behang-met-een-pakhuis_9","width":1024,"height":682,"thumbnail":{"url":"np://user.desktop.nicepage.com/Site_173828423/images/behang-met-een-pakhuis_9.webp","width":250,"height":167}},{"id":"user-image-cjas.PNG","publicUrl":"np://user.desktop.nicepage.com/Site_173828423/images/cjas.PNG","size":57592,"fileName":"cjas.PNG","name":"cjas","width":1104,"height":678,"thumbnail":{"url":"np://user.desktop.nicepage.com/Site_173828423/images/thumbnails/cjas.PNG","width":250,"height":154}},{"id":"user-image-cropped-plant-growing-in-the-ground_menor_calidad-scaled-1-1536x942.jpg","publicUrl":"np://user.desktop.nicepage.com/Site_173828423/images/cropped-plant-growing-in-the-ground_menor_calidad-scaled-1-1536x942.jpg","size":122127,"fileName":"cropped-plant-growing-in-the-ground_menor_calidad-scaled-1-1536x942.jpg","name":"cropped-plant-growing-in-the-ground_menor_calidad-scaled-1-1536x942","width":1536,"height":942,"thumbnail":{"url":"np://user.desktop.nicepage.com/Site_173828423/images/thumbnails/cropped-plant-growing-in-the-ground_menor_calidad-scaled-1-1536x942.jpg","width":250,"height":153}},{"id":"user-image-ecoeval1.png","publicUrl":"np://user.desktop.nicepage.com/Site_173828423/images/ecoeval1.png","size":750828,"fileName":"ecoeval1.png","name":"ecoeval1","width":1747,"height":1327,"thumbnail":{"url":"np://user.desktop.nicepage.com/Site_173828423/images/thumbnails/ecoeval1.png","width":250,"height":190}},{"id":"user-image-ecoeval2.png","publicUrl":"np://user.desktop.nicepage.com/Site_173828423/images/ecoeval2.png","size":684441,"fileName":"ecoeval2.png","name":"ecoeval2","width":1664,"height":1184,"thumbnail":{"url":"np://user.desktop.nicepage.com/Site_173828423/images/thumbnails/ecoeval2.png","width":250,"height":178}},{"id":"user-image-ecoeval3.png","publicUrl":"np://user.desktop.nicepage.com/Site_173828423/images/ecoeval3.png","size":362003,"fileName":"ecoeval3.png","name":"ecoeval3","width":602,"height":297,"thumbnail":{"url":"np://user.desktop.nicepage.com/Site_173828423/images/thumbnails/ecoeval3.png","width":250,"height":123}},{"id":"user-image-0f7c99f8f6dd805612c11862973e70761eddad53e3159ddd0d6464ca87bcb7577bcd0f986c0c16a35dc70f33c885280b1d1eb68d80da87c2234919_1280.jpg","publicUrl":"np://user.desktop.nicepage.com/Site_173828423/images/0f7c99f8f6dd805612c11862973e70761eddad53e3159ddd0d6464ca87bcb7577bcd0f986c0c16a35dc70f33c885280b1d1eb68d80da87c2234919_1280.jpg","size":121801,"fileName":"0f7c99f8f6dd805612c11862973e70761eddad53e3159ddd0d6464ca87bcb7577bcd0f986c0c16a35dc70f33c885280b1d1eb68d80da87c2234919_1280.jpg","name":"0f7c99f8f6dd805612c11862973e70761eddad53e3159ddd0d6464ca87bcb7577bcd0f986c0c16a35dc70f33c885280b1d1eb68d80da87c2234919_1280","width":1280,"height":853,"thumbnail":{"url":"np://user.desktop.nicepage.com/Site_173828423/images/thumbnails/0f7c99f8f6dd805612c11862973e70761eddad53e3159ddd0d6464ca87bcb7577bcd0f986c0c16a35dc70f33c885280b1d1eb68d80da87c2234919_1280.jpg","width":250,"height":167}},{"id":"user-image-wp1895394.jpg","publicUrl":"np://user.desktop.nicepage.com/Site_173828423/images/wp1895394.jpg","size":519894,"fileName":"wp1895394.jpg","name":"wp1895394","width":1920,"height":1200,"thumbnail":{"url":"np://user.desktop.nicepage.com/Site_173828423/images/thumbnails/wp1895394.jpg","width":250,"height":156}},{"id":"user-image-fgc.jpg","publicUrl":"np://user.desktop.nicepage.com/Site_173828423/images/fgc.jpg","size":401544,"fileName":"fgc.jpg","name":"fgc","width":1200,"height":857,"thumbnail":{"url":"np://user.desktop.nicepage.com/Site_173828423/images/thumbnails/fgc.jpg","width":250,"height":179},"originalUrl":"//images01.nicepage.com/c461c07a441a5d220e8feb1a/58aa720e6bf7537799fb2aec/fgc.jpg"},{"id":"user-image-image.png","publicUrl":"np://user.desktop.nicepage.com/Site_173828423/images/image.png","size":172063,"fileName":"image.png","name":"image","width":1122,"height":501,"thumbnail":{"url":"np://user.desktop.nicepage.com/Site_173828423/images/thumbnails/image.png","width":250,"height":112}},{"id":"user-image-image10.png","publicUrl":"np://user.desktop.nicepage.com/Site_173828423/images/image10.png","size":155463,"fileName":"image10.png","name":"image10","width":830,"height":647,"thumbnail":{"url":"np://user.desktop.nicepage.com/Site_173828423/images/thumbnails/image10.png","width":250,"height":195}},{"id":"user-image-image11.png","publicUrl":"np://user.desktop.nicepage.com/Site_173828423/images/image11.png","size":245213,"fileName":"image11.png","name":"image11","width":925,"height":707,"thumbnail":{"url":"np://user.desktop.nicepage.com/Site_173828423/images/thumbnails/image11.png","width":250,"height":191}},{"id":"user-image-image12.png","publicUrl":"np://user.desktop.nicepage.com/Site_173828423/images/image12.png","size":82042,"fileName":"image12.png","name":"image12","width":585,"height":677,"thumbnail":{"url":"np://user.desktop.nicepage.com/Site_173828423/images/thumbnails/image12.png","width":216,"height":250}},{"id":"user-image-image13.png","publicUrl":"np://user.desktop.nicepage.com/Site_173828423/images/image13.png","size":18041,"fileName":"image13.png","name":"image13","width":1419,"height":261,"thumbnail":{"url":"np://user.desktop.nicepage.com/Site_173828423/images/thumbnails/image13.png","width":250,"height":46}},{"id":"user-image-image14.png","publicUrl":"np://user.desktop.nicepage.com/Site_173828423/images/image14.png","size":22737,"fileName":"image14.png","name":"image14","width":1505,"height":359,"thumbnail":{"url":"np://user.desktop.nicepage.com/Site_173828423/images/thumbnails/image14.png","width":250,"height":60}},{"id":"user-image-image15.png","publicUrl":"np://user.desktop.nicepage.com/Site_173828423/images/image15.png","size":294404,"fileName":"image15.png","name":"image15","width":628,"height":668,"thumbnail":{"url":"np://user.desktop.nicepage.com/Site_173828423/images/thumbnails/image15.png","width":235,"height":250}},{"id":"user-image-image16.png","publicUrl":"np://user.desktop.nicepage.com/Site_173828423/images/image16.png","size":180105,"fileName":"image16.png","name":"image16","width":828,"height":737,"thumbnail":{"url":"np://user.desktop.nicepage.com/Site_173828423/images/thumbnails/image16.png","width":250,"height":223}},{"id":"user-image-image17.png","publicUrl":"np://user.desktop.nicepage.com/Site_173828423/images/image17.png","size":158025,"fileName":"image17.png","name":"image17","width":826,"height":686,"thumbnail":{"url":"np://user.desktop.nicepage.com/Site_173828423/images/thumbnails/image17.png","width":250,"height":208}},{"id":"user-image-image18.png","publicUrl":"np://user.desktop.nicepage.com/Site_173828423/images/image18.png","size":89993,"fileName":"image18.png","name":"image18","width":1500,"height":311,"thumbnail":{"url":"np://user.desktop.nicepage.com/Site_173828423/images/thumbnails/image18.png","width":250,"height":52}},{"id":"user-image-image19.png","publicUrl":"np://user.desktop.nicepage.com/Site_173828423/images/image19.png","size":205468,"fileName":"image19.png","name":"image19","width":1314,"height":580,"thumbnail":{"url":"np://user.desktop.nicepage.com/Site_173828423/images/thumbnails/image19.png","width":250,"height":110}},{"id":"user-image-image2.png","publicUrl":"np://user.desktop.nicepage.com/Site_173828423/images/image2.png","size":99020,"fileName":"image2.png","name":"image2","width":780,"height":781,"thumbnail":{"url":"np://user.desktop.nicepage.com/Site_173828423/images/thumbnails/image2.png","width":250,"height":250}},{"id":"user-image-image20.png","publicUrl":"np://user.desktop.nicepage.com/Site_173828423/images/image20.png","size":213172,"fileName":"image20.png","name":"image20","width":1311,"height":582,"thumbnail":{"url":"np://user.desktop.nicepage.com/Site_173828423/images/thumbnails/image20.png","width":250,"height":111}},{"id":"user-image-image21.png","publicUrl":"np://user.desktop.nicepage.com/Site_173828423/images/image21.png","size":232447,"fileName":"image21.png","name":"image21","width":1031,"height":585,"thumbnail":{"url":"np://user.desktop.nicepage.com/Site_173828423/images/thumbnails/image21.png","width":250,"height":142}},{"id":"user-image-image22.png","publicUrl":"np://user.desktop.nicepage.com/Site_173828423/images/image22.png","size":295000,"fileName":"image22.png","name":"image22","width":1504,"height":367,"thumbnail":{"url":"np://user.desktop.nicepage.com/Site_173828423/images/thumbnails/image22.png","width":250,"height":61}},{"id":"user-image-image23.png","publicUrl":"np://user.desktop.nicepage.com/Site_173828423/images/image23.png","size":217660,"fileName":"image23.png","name":"image23","width":1489,"height":453,"thumbnail":{"url":"np://user.desktop.nicepage.com/Site_173828423/images/thumbnails/image23.png","width":250,"height":76}},{"id":"user-image-image24.png","publicUrl":"np://user.desktop.nicepage.com/Site_173828423/images/image24.png","size":73326,"fileName":"image24.png","name":"image24","width":585,"height":659,"thumbnail":{"url":"np://user.desktop.nicepage.com/Site_173828423/images/thumbnails/image24.png","width":222,"height":250}},{"id":"user-image-image25.png","publicUrl":"np://user.desktop.nicepage.com/Site_173828423/images/image25.png","size":29250,"fileName":"image25.png","name":"image25","width":588,"height":294,"thumbnail":{"url":"np://user.desktop.nicepage.com/Site_173828423/images/thumbnails/image25.png","width":250,"height":125}},{"id":"user-image-image3.png","publicUrl":"np://user.desktop.nicepage.com/Site_173828423/images/image3.png","size":83036,"fileName":"image3.png","name":"image3","width":833,"height":762,"thumbnail":{"url":"np://user.desktop.nicepage.com/Site_173828423/images/thumbnails/image3.png","width":250,"height":229}},{"id":"user-image-image4.png","publicUrl":"np://user.desktop.nicepage.com/Site_173828423/images/image4.png","size":203112,"fileName":"image4.png","name":"image4","width":824,"height":635,"thumbnail":{"url":"np://user.desktop.nicepage.com/Site_173828423/images/thumbnails/image4.png","width":250,"height":193}},{"id":"user-image-image5.png","publicUrl":"np://user.desktop.nicepage.com/Site_173828423/images/image5.png","size":58817,"fileName":"image5.png","name":"image5","width":974,"height":321,"thumbnail":{"url":"np://user.desktop.nicepage.com/Site_173828423/images/thumbnails/image5.png","width":250,"height":82}},{"id":"user-image-image6.png","publicUrl":"np://user.desktop.nicepage.com/Site_173828423/images/image6.png","size":85960,"fileName":"image6.png","name":"image6","width":712,"height":709,"thumbnail":{"url":"np://user.desktop.nicepage.com/Site_173828423/images/thumbnails/image6.png","width":250,"height":249}},{"id":"user-image-image7.png","publicUrl":"np://user.desktop.nicepage.com/Site_173828423/images/image7.png","size":104607,"fileName":"image7.png","name":"image7","width":850,"height":721,"thumbnail":{"url":"np://user.desktop.nicepage.com/Site_173828423/images/thumbnails/image7.png","width":250,"height":212}},{"id":"user-image-image8.png","publicUrl":"np://user.desktop.nicepage.com/Site_173828423/images/image8.png","size":156395,"fileName":"image8.png","name":"image8","width":1125,"height":612,"thumbnail":{"url":"np://user.desktop.nicepage.com/Site_173828423/images/thumbnails/image8.png","width":250,"height":136}},{"id":"user-image-image9.png","publicUrl":"np://user.desktop.nicepage.com/Site_173828423/images/image9.png","size":91753,"fileName":"image9.png","name":"image9","width":787,"height":637,"thumbnail":{"url":"np://user.desktop.nicepage.com/Site_173828423/images/thumbnails/image9.png","width":250,"height":202}},{"id":"user-image-ja.PNG","publicUrl":"np://user.desktop.nicepage.com/Site_173828423/images/ja.PNG","size":100577,"fileName":"ja.PNG","name":"ja","width":1340,"height":774,"thumbnail":{"url":"np://user.desktop.nicepage.com/Site_173828423/images/thumbnails/ja.PNG","width":250,"height":144}},{"id":"user-image-wp10989578.webp","publicUrl":"np://user.desktop.nicepage.com/Site_173828423/images/wp10989578.webp","size":78100,"fileName":"wp10989578.webp","name":"wp10989578","width":1920,"height":1080,"thumbnail":{"url":"np://user.desktop.nicepage.com/Site_173828423/images/wp10989578.webp","width":250,"height":141}},{"id":"user-image-wp10364287.webp","publicUrl":"np://user.desktop.nicepage.com/Site_173828423/images/wp10364287.webp","size":174522,"fileName":"wp10364287.webp","name":"wp10364287","width":1920,"height":1080,"thumbnail":{"url":"np://user.desktop.nicepage.com/Site_173828423/images/wp10364287.webp","width":250,"height":141}},{"id":"user-image-node-red-icon.png","publicUrl":"np://user.desktop.nicepage.com/Site_173828423/images/node-red-icon.png","size":15345,"fileName":"node-red-icon.png","name":"node-red-icon","width":480,"height":480,"thumbnail":{"url":"np://user.desktop.nicepage.com/Site_173828423/images/thumbnails/node-red-icon.png","width":250,"height":250}},{"id":"user-image-pexels-photo-3136673.jpeg","publicUrl":"np://user.desktop.nicepage.com/Site_173828423/images/pexels-photo-3136673.jpeg","size":167937,"fileName":"pexels-photo-3136673.jpeg","name":"pexels-photo-3136673","width":2250,"height":1500,"thumbnail":{"url":"np://user.desktop.nicepage.com/Site_173828423/images/thumbnails/pexels-photo-3136673.jpeg","width":250,"height":167},"originalUrl":"//images01.nicepage.com/a1389d7bc73adea1e1c1fb7e/d2322952c821563c9989f1aa/pexels-photo-3136673.jpeg"},{"id":"user-image-pexels-photo-39758928.jpg","publicUrl":"np://user.desktop.nicepage.com/Site_173828423/images/pexels-photo-39758928.jpg","size":59495,"fileName":"pexels-photo-39758928.jpg","name":"pexels-photo-39758928","width":1631,"height":1080,"thumbnail":{"url":"np://user.desktop.nicepage.com/Site_173828423/images/thumbnails/pexels-photo-39758928.jpg","width":250,"height":166},"originalUrl":"//images01.nicepagecdn.com/a1389d7bc73adea1e1c1fb7e/c2d282c3ab205d64a3ba22c9/pexels-photo-39758928.jpg"},{"id":"user-image-pexels-vladimir-konoplev-12088590-Copy.jpg","publicUrl":"np://user.desktop.nicepage.com/Site_173828423/images/pexels-vladimir-konoplev-12088590-Copy.jpg","size":107393,"fileName":"pexels-vladimir-konoplev-12088590-Copy.jpg","name":"pexels-vladimir-konoplev-12088590-Copy","width":724,"height":1080,"thumbnail":{"url":"np://user.desktop.nicepage.com/Site_173828423/images/thumbnails/pexels-vladimir-konoplev-12088590-Copy.jpg","width":168,"height":250},"originalUrl":"//images01.nicepagecdn.com/a1389d7bc73adea1e1c1fb7e/ad7c4b0259075c5e84364529/pexels-vladimir-konoplev-12088590-Copy.jpg"},{"id":"user-image-rob1.png","publicUrl":"np://user.desktop.nicepage.com/Site_173828423/images/rob1.png","size":193029,"fileName":"rob1.png","name":"rob1","width":597,"height":378,"thumbnail":{"url":"np://user.desktop.nicepage.com/Site_173828423/images/thumbnails/rob1.png","width":250,"height":158}},{"id":"user-image-rob2.png","publicUrl":"np://user.desktop.nicepage.com/Site_173828423/images/rob2.png","size":66905,"fileName":"rob2.png","name":"rob2","width":353,"height":239,"thumbnail":{"url":"np://user.desktop.nicepage.com/Site_173828423/images/thumbnails/rob2.png","width":250,"height":169}},{"id":"user-image-rob3.png","publicUrl":"np://user.desktop.nicepage.com/Site_173828423/images/rob3.png","size":78372,"fileName":"rob3.png","name":"rob3","width":528,"height":413,"thumbnail":{"url":"np://user.desktop.nicepage.com/Site_173828423/images/thumbnails/rob3.png","width":250,"height":196}},{"id":"user-image-ygty-min.jpg","publicUrl":"np://user.desktop.nicepage.com/Site_173828423/images/ygty-min.jpg","size":118447,"fileName":"ygty-min.jpg","name":"ygty-min","width":1000,"height":820,"thumbnail":{"url":"np://user.desktop.nicepage.com/Site_173828423/images/thumbnails/ygty-min.jpg","width":250,"height":205},"originalUrl":"//images01.nicepage.com/c461c07a441a5d220e8feb1a/8b50a7ed4c3557b2bab0f4a2/ygty-min.jpg"},{"id":"user-image-logo-Logosimboloblack.drawio.png","publicUrl":"np://user.desktop.nicepage.com/Site_173828423/images/logo-Logosimboloblack.drawio.png","size":136574,"fileName":"logo-Logosimboloblack.drawio.png","name":"logo-Logosimboloblack.drawio","width":1080,"height":1435,"thumbnail":{"url":"np://user.desktop.nicepage.com/Site_173828423/images/thumbnails/logo-Logosimboloblack.drawio.png","width":188,"height":250}},{"id":"user-image-logo-CopyofLogosimbolo.drawio.png","publicUrl":"np://user.desktop.nicepage.com/Site_173828423/images/logo-CopyofLogosimbolo.drawio.png","size":114207,"fileName":"logo-CopyofLogosimbolo.drawio.png","name":"logo-CopyofLogosimbolo.drawio","width":1080,"height":1080,"thumbnail":{"url":"np://user.desktop.nicepage.com/Site_173828423/images/thumbnails/logo-CopyofLogosimbolo.drawio.png","width":250,"height":250}},{"id":"user-image-mnm-min.png","publicUrl":"np://user.desktop.nicepage.com/Site_173828423/images/mnm-min.png","size":452091,"fileName":"mnm-min.png","name":"mnm-min","width":1200,"height":771,"thumbnail":{"url":"np://user.desktop.nicepage.com/Site_173828423/images/thumbnails/mnm-min.png","width":250,"height":161},"originalUrl":"np://user.desktop.nicepage.com/Site_144501213/images/mnm-min.png?rand=c029"},{"id":"user-image-alejandra.jpg","publicUrl":"np://user.desktop.nicepage.com/Site_173828423/images/alejandra.jpg","size":302530,"fileName":"alejandra.jpg","name":"alejandra","width":960,"height":1280,"thumbnail":{"url":"np://user.desktop.nicepage.com/Site_173828423/images/thumbnails/alejandra.jpg","width":188,"height":250}},{"id":"user-image-login.png","publicUrl":"np://user.desktop.nicepage.com/Site_173828423/images/login.png","size":285137,"fileName":"login.png","name":"login","width":1788,"height":894,"thumbnail":{"url":"np://user.desktop.nicepage.com/Site_173828423/images/thumbnails/login.png","width":250,"height":125}},{"id":"user-image-loading.png","publicUrl":"np://user.desktop.nicepage.com/Site_173828423/images/loading.png","size":675944,"fileName":"loading.png","name":"loading","width":1788,"height":894,"thumbnail":{"url":"np://user.desktop.nicepage.com/Site_173828423/images/thumbnails/loading.png","width":250,"height":125}},{"id":"user-image-transparent.png","publicUrl":"np://user.desktop.nicepage.com/Site_173828423/images/transparent.png","size":1862,"fileName":"transparent.png","name":"transparent","width":1200,"height":675,"thumbnail":{"url":"np://user.desktop.nicepage.com/Site_173828423/images/thumbnails/transparent.png","width":250,"height":141}},{"id":"user-image-CSLC4_linee-robotizzate-di-colaggio-e-smaltatura.jpg","publicUrl":"np://user.desktop.nicepage.com/Site_173828423/images/CSLC4_linee-robotizzate-di-colaggio-e-smaltatura.jpg","size":572579,"fileName":"CSLC4_linee-robotizzate-di-colaggio-e-smaltatura.jpg","name":"CSLC4_linee-robotizzate-di-colaggio-e-smaltatura","width":1600,"height":900,"thumbnail":{"url":"np://user.desktop.nicepage.com/Site_173828423/images/thumbnails/CSLC4_linee-robotizzate-di-colaggio-e-smaltatura.jpg","width":250,"height":141}},{"id":"user-image-juan.jpg","publicUrl":"np://user.desktop.nicepage.com/Site_173828423/images/juan.jpg","size":33842,"fileName":"juan.jpg","name":"juan","width":358,"height":476,"thumbnail":{"url":"np://user.desktop.nicepage.com/Site_173828423/images/thumbnails/juan.jpg","width":188,"height":250}},{"id":"user-image-Digitaltwin.webp","publicUrl":"np://user.desktop.nicepage.com/Site_173828423/images/Digitaltwin.webp","size":721516,"fileName":"Digitaltwin.webp","name":"Digitaltwin","width":1408,"height":782,"thumbnail":{"url":"np://user.desktop.nicepage.com/Site_173828423/images/Digitaltwin.webp","width":250,"height":139}},{"id":"user-image-5968866.png","publicUrl":"np://user.desktop.nicepage.com/Site_173828423/images/5968866.png","size":4252,"fileName":"5968866.png","name":"5968866","width":128,"height":128,"thumbnail":{"url":"np://user.desktop.nicepage.com/Site_173828423/images/thumbnails/5968866.png","width":128,"height":128,"length":4252,"type":"png"}},{"id":"user-image-architecture.drawio2.png","publicUrl":"np://user.desktop.nicepage.com/Site_173828423/images/architecture.drawio2.png","size":2827409,"fileName":"architecture.drawio2.png","name":"architecture.drawio2","width":6258,"height":4442,"thumbnail":{"url":"np://user.desktop.nicepage.com/Site_173828423/images/thumbnails/architecture.drawio2.png","width":250,"height":177}},{"id":"user-image-siemens-industrial-automation-image.jpg","publicUrl":"np://user.desktop.nicepage.com/Site_173828423/images/siemens-industrial-automation-image.jpg","size":116886,"fileName":"siemens-industrial-automation-image.jpg","name":"siemens-industrial-automation-image","width":1140,"height":641,"thumbnail":{"url":"np://user.desktop.nicepage.com/Site_173828423/images/thumbnails/siemens-industrial-automation-image.jpg","width":250,"height":141}}]