[{"id":"user-image-ecoeval3.png","publicUrl":"np://user.desktop.nicepage.com/Site_50074301/images/ecoeval3.png","size":362003,"fileName":"ecoeval3.png","name":"ecoeval3","width":602,"height":297,"thumbnail":{"url":"np://user.desktop.nicepage.com/Site_50074301/images/thumbnails/ecoeval3.png","width":250,"height":123}},{"id":"user-image-0f7c99f8f6dd805612c11862973e70761eddad53e3159ddd0d6464ca87bcb7577bcd0f986c0c16a35dc70f33c885280b1d1eb68d80da87c2234919_1280.jpg","publicUrl":"np://user.desktop.nicepage.com/Site_50074301/images/0f7c99f8f6dd805612c11862973e70761eddad53e3159ddd0d6464ca87bcb7577bcd0f986c0c16a35dc70f33c885280b1d1eb68d80da87c2234919_1280.jpg","size":121801,"fileName":"0f7c99f8f6dd805612c11862973e70761eddad53e3159ddd0d6464ca87bcb7577bcd0f986c0c16a35dc70f33c885280b1d1eb68d80da87c2234919_1280.jpg","name":"0f7c99f8f6dd805612c11862973e70761eddad53e3159ddd0d6464ca87bcb7577bcd0f986c0c16a35dc70f33c885280b1d1eb68d80da87c2234919_1280","width":1280,"height":853,"thumbnail":{"url":"np://user.desktop.nicepage.com/Site_50074301/images/thumbnails/0f7c99f8f6dd805612c11862973e70761eddad53e3159ddd0d6464ca87bcb7577bcd0f986c0c16a35dc70f33c885280b1d1eb68d80da87c2234919_1280.jpg","width":250,"height":167}},{"id":"user-image-1077976.png","publicUrl":"np://user.desktop.nicepage.com/Site_50074301/images/1077976.png","size":3689,"fileName":"1077976.png","name":"1077976","width":128,"height":128,"thumbnail":{"url":"np://user.desktop.nicepage.com/Site_50074301/images/thumbnails/1077976.png","width":128,"height":128,"length":3689}},{"id":"user-image-08a3461f-6e0c-4b94-8524-b2fc1f0ce15b.jpg","publicUrl":"np://user.desktop.nicepage.com/Site_50074301/images/08a3461f-6e0c-4b94-8524-b2fc1f0ce15b.jpg","size":45480,"fileName":"08a3461f-6e0c-4b94-8524-b2fc1f0ce15b.jpg","name":"08a3461f-6e0c-4b94-8524-b2fc1f0ce15b","width":1500,"height":1000,"thumbnail":{"url":"np://user.desktop.nicepage.com/Site_50074301/images/thumbnails/08a3461f-6e0c-4b94-8524-b2fc1f0ce15b.jpg","width":250,"height":167},"originalUrl":"//images01.nicepagecdn.com/a1389d7bc73adea1e1c1fb7e/861162f869e650e0b7798f66/08a3461f-6e0c-4b94-8524-b2fc1f0ce15b.jpg"},{"id":"user-image-1433114.png","publicUrl":"np://user.desktop.nicepage.com/Site_50074301/images/1433114.png","size":5081,"fileName":"1433114.png","name":"1433114","width":128,"height":128,"thumbnail":{"url":"np://user.desktop.nicepage.com/Site_50074301/images/thumbnails/1433114.png","width":128,"height":128,"length":5081}},{"id":"user-image-1659763.png","publicUrl":"np://user.desktop.nicepage.com/Site_50074301/images/1659763.png","size":913,"fileName":"1659763.png","name":"1659763","width":128,"height":128,"thumbnail":{"url":"np://user.desktop.nicepage.com/Site_50074301/images/thumbnails/1659763.png","width":128,"height":128,"length":913}},{"id":"user-image-2.PNG","publicUrl":"np://user.desktop.nicepage.com/Site_50074301/images/2.PNG","size":21713,"fileName":"2.PNG","name":"2","width":529,"height":741,"thumbnail":{"url":"np://user.desktop.nicepage.com/Site_50074301/images/thumbnails/2.PNG","width":178,"height":250}},{"id":"user-image-2022-10-2712.16.32.jpg","publicUrl":"np://user.desktop.nicepage.com/Site_50074301/images/2022-10-2712.16.32.jpg","size":49839,"fileName":"2022-10-2712.16.32.jpg","name":"2022-10-2712.16.32","width":1920,"height":1200,"thumbnail":{"url":"np://user.desktop.nicepage.com/Site_50074301/images/thumbnails/2022-10-2712.16.32.jpg","width":250,"height":156},"originalUrl":"//images01.nicepagecdn.com/a1389d7bc73adea1e1c1fb7e/c37e0843434f5e63814dbe38/2022-10-2712.16.32.jpg"},{"id":"user-image-2432846.png","publicUrl":"np://user.desktop.nicepage.com/Site_50074301/images/2432846.png","size":2710,"fileName":"2432846.png","name":"2432846","width":128,"height":128,"thumbnail":{"url":"np://user.desktop.nicepage.com/Site_50074301/images/thumbnails/2432846.png","width":128,"height":128,"length":2710}},{"id":"user-image-2576581.png","publicUrl":"np://user.desktop.nicepage.com/Site_50074301/images/2576581.png","size":3225,"fileName":"2576581.png","name":"2576581","width":128,"height":128,"thumbnail":{"url":"np://user.desktop.nicepage.com/Site_50074301/images/thumbnails/2576581.png","width":128,"height":128,"length":3225}},{"id":"user-image-2098313.png","publicUrl":"np://user.desktop.nicepage.com/Site_50074301/images/2098313.png","size":4030,"fileName":"2098313.png","name":"2098313","width":128,"height":128,"thumbnail":{"url":"np://user.desktop.nicepage.com/Site_50074301/images/thumbnails/2098313.png","width":128,"height":128,"length":4030}},{"id":"user-image-2e03c193859a99a283c84a2a0a67ff2ab42b4596e9f2debd5794ee57c99b6312a31d407090e1053c3a28a66d0403c09db4ff18ce2f4f314710c4dc_1280.jpg","publicUrl":"np://user.desktop.nicepage.com/Site_50074301/images/2e03c193859a99a283c84a2a0a67ff2ab42b4596e9f2debd5794ee57c99b6312a31d407090e1053c3a28a66d0403c09db4ff18ce2f4f314710c4dc_1280.jpg","size":396516,"fileName":"2e03c193859a99a283c84a2a0a67ff2ab42b4596e9f2debd5794ee57c99b6312a31d407090e1053c3a28a66d0403c09db4ff18ce2f4f314710c4dc_1280.jpg","name":"2e03c193859a99a283c84a2a0a67ff2ab42b4596e9f2debd5794ee57c99b6312a31d407090e1053c3a28a66d0403c09db4ff18ce2f4f314710c4dc_1280","width":1280,"height":853,"thumbnail":{"url":"np://user.desktop.nicepage.com/Site_50074301/images/thumbnails/2e03c193859a99a283c84a2a0a67ff2ab42b4596e9f2debd5794ee57c99b6312a31d407090e1053c3a28a66d0403c09db4ff18ce2f4f314710c4dc_1280.jpg","width":250,"height":167}},{"id":"user-image-3222629.png","publicUrl":"np://user.desktop.nicepage.com/Site_50074301/images/3222629.png","size":5372,"fileName":"3222629.png","name":"3222629","width":128,"height":128,"thumbnail":{"url":"np://user.desktop.nicepage.com/Site_50074301/images/thumbnails/3222629.png","width":128,"height":128,"length":5372}},{"id":"user-image-4299186.png","publicUrl":"np://user.desktop.nicepage.com/Site_50074301/images/4299186.png","size":3004,"fileName":"4299186.png","name":"4299186","width":128,"height":128,"thumbnail":{"url":"np://user.desktop.nicepage.com/Site_50074301/images/thumbnails/4299186.png","width":128,"height":128,"length":3004}},{"id":"user-image-545682.png","publicUrl":"np://user.desktop.nicepage.com/Site_50074301/images/545682.png","size":755,"fileName":"545682.png","name":"545682","width":128,"height":128,"thumbnail":{"url":"np://user.desktop.nicepage.com/Site_50074301/images/thumbnails/545682.png","width":128,"height":128,"length":755}},{"id":"user-image-6.PNG","publicUrl":"np://user.desktop.nicepage.com/Site_50074301/images/6.PNG","size":5956,"fileName":"6.PNG","name":"6","width":325,"height":659,"thumbnail":{"url":"np://user.desktop.nicepage.com/Site_50074301/images/thumbnails/6.PNG","width":123,"height":250}},{"id":"user-image-7082602.png","publicUrl":"np://user.desktop.nicepage.com/Site_50074301/images/7082602.png","size":2238,"fileName":"7082602.png","name":"7082602","width":128,"height":128,"thumbnail":{"url":"np://user.desktop.nicepage.com/Site_50074301/images/thumbnails/7082602.png","width":128,"height":128,"length":2238}},{"id":"user-image-780477.png","publicUrl":"np://user.desktop.nicepage.com/Site_50074301/images/780477.png","size":3560,"fileName":"780477.png","name":"780477","width":128,"height":128,"thumbnail":{"url":"np://user.desktop.nicepage.com/Site_50074301/images/thumbnails/780477.png","width":128,"height":128,"length":3560}},{"id":"user-image-8ef7a1ca-bbab-4852-84a2-da4a791746e3.jpg","publicUrl":"np://user.desktop.nicepage.com/Site_50074301/images/8ef7a1ca-bbab-4852-84a2-da4a791746e3.jpg","size":193971,"fileName":"8ef7a1ca-bbab-4852-84a2-da4a791746e3.jpg","name":"8ef7a1ca-bbab-4852-84a2-da4a791746e3","width":1300,"height":700,"thumbnail":{"url":"np://user.desktop.nicepage.com/Site_50074301/images/thumbnails/8ef7a1ca-bbab-4852-84a2-da4a791746e3.jpg","width":250,"height":135}},{"id":"user-image-Danforlinkedin.jpeg","publicUrl":"np://user.desktop.nicepage.com/Site_50074301/images/Danforlinkedin.jpeg","size":27705,"fileName":"Danforlinkedin.jpeg","name":"Danforlinkedin","width":658,"height":647,"thumbnail":{"url":"np://user.desktop.nicepage.com/Site_50074301/images/thumbnails/Danforlinkedin.jpeg","width":250,"height":246}},{"id":"user-image-GP1.png","publicUrl":"np://user.desktop.nicepage.com/Site_50074301/images/GP1.png","size":154485,"fileName":"GP1.png","name":"GP1","width":602,"height":353,"thumbnail":{"url":"np://user.desktop.nicepage.com/Site_50074301/images/thumbnails/GP1.png","width":250,"height":147}},{"id":"user-image-GP2.png","publicUrl":"np://user.desktop.nicepage.com/Site_50074301/images/GP2.png","size":824238,"fileName":"GP2.png","name":"GP2","width":2070,"height":1213,"thumbnail":{"url":"np://user.desktop.nicepage.com/Site_50074301/images/thumbnails/GP2.png","width":250,"height":146}},{"id":"user-image-IMG_20180330_114535492.jpg","publicUrl":"np://user.desktop.nicepage.com/Site_50074301/images/IMG_20180330_114535492.jpg","size":467715,"fileName":"IMG_20180330_114535492.jpg","name":"IMG_20180330_114535492","width":1440,"height":1920,"thumbnail":{"url":"np://user.desktop.nicepage.com/Site_50074301/images/thumbnails/IMG_20180330_114535492.jpg","width":188,"height":250}},{"id":"user-image-MQTT211.png","publicUrl":"np://user.desktop.nicepage.com/Site_50074301/images/MQTT211.png","size":14642,"fileName":"MQTT211.png","name":"MQTT211","width":270,"height":268,"thumbnail":{"url":"np://user.desktop.nicepage.com/Site_50074301/images/thumbnails/MQTT211.png","width":250,"height":248}},{"id":"user-image-OPC.png","publicUrl":"np://user.desktop.nicepage.com/Site_50074301/images/OPC.png","size":41538,"fileName":"OPC.png","name":"OPC","width":600,"height":172,"thumbnail":{"url":"np://user.desktop.nicepage.com/Site_50074301/images/thumbnails/OPC.png","width":250,"height":72}},{"id":"user-image-ROB4.png","publicUrl":"np://user.desktop.nicepage.com/Site_50074301/images/ROB4.png","size":43158,"fileName":"ROB4.png","name":"ROB4","width":384,"height":405,"thumbnail":{"url":"np://user.desktop.nicepage.com/Site_50074301/images/thumbnails/ROB4.png","width":237,"height":250}},{"id":"user-image-ROB41.png","publicUrl":"np://user.desktop.nicepage.com/Site_50074301/images/ROB41.png","size":22265,"fileName":"ROB41.png","name":"ROB41","width":366,"height":339,"thumbnail":{"url":"np://user.desktop.nicepage.com/Site_50074301/images/thumbnails/ROB41.png","width":250,"height":232}},{"id":"user-image-ROB410.png","publicUrl":"np://user.desktop.nicepage.com/Site_50074301/images/ROB410.png","size":17246,"fileName":"ROB410.png","name":"ROB410","width":240,"height":198,"thumbnail":{"url":"np://user.desktop.nicepage.com/Site_50074301/images/thumbnails/ROB410.png","width":240,"height":198,"length":17246}},{"id":"user-image-ROB411.png","publicUrl":"np://user.desktop.nicepage.com/Site_50074301/images/ROB411.png","size":19270,"fileName":"ROB411.png","name":"ROB411","width":382,"height":405,"thumbnail":{"url":"np://user.desktop.nicepage.com/Site_50074301/images/thumbnails/ROB411.png","width":236,"height":250}},{"id":"user-image-ROB42.png","publicUrl":"np://user.desktop.nicepage.com/Site_50074301/images/ROB42.png","size":7145,"fileName":"ROB42.png","name":"ROB42","width":290,"height":225,"thumbnail":{"url":"np://user.desktop.nicepage.com/Site_50074301/images/thumbnails/ROB42.png","width":250,"height":194}},{"id":"user-image-ROB43.png","publicUrl":"np://user.desktop.nicepage.com/Site_50074301/images/ROB43.png","size":26110,"fileName":"ROB43.png","name":"ROB43","width":258,"height":243,"thumbnail":{"url":"np://user.desktop.nicepage.com/Site_50074301/images/thumbnails/ROB43.png","width":250,"height":235}},{"id":"user-image-ROB45.png","publicUrl":"np://user.desktop.nicepage.com/Site_50074301/images/ROB45.png","size":157092,"fileName":"ROB45.png","name":"ROB45","width":417,"height":384,"thumbnail":{"url":"np://user.desktop.nicepage.com/Site_50074301/images/thumbnails/ROB45.png","width":250,"height":230}},{"id":"user-image-ROB47.png","publicUrl":"np://user.desktop.nicepage.com/Site_50074301/images/ROB47.png","size":30540,"fileName":"ROB47.png","name":"ROB47","width":606,"height":249,"thumbnail":{"url":"np://user.desktop.nicepage.com/Site_50074301/images/thumbnails/ROB47.png","width":250,"height":103}},{"id":"user-image-ROB48.png","publicUrl":"np://user.desktop.nicepage.com/Site_50074301/images/ROB48.png","size":13355,"fileName":"ROB48.png","name":"ROB48","width":254,"height":207,"thumbnail":{"url":"np://user.desktop.nicepage.com/Site_50074301/images/thumbnails/ROB48.png","width":250,"height":204}},{"id":"user-image-ROB49.png","publicUrl":"np://user.desktop.nicepage.com/Site_50074301/images/ROB49.png","size":15743,"fileName":"ROB49.png","name":"ROB49","width":264,"height":209,"thumbnail":{"url":"np://user.desktop.nicepage.com/Site_50074301/images/thumbnails/ROB49.png","width":250,"height":198}},{"id":"user-image-b3f4b86ef58470c64a2fac6933e3e9764611c6e1a943e797717a661ffc626925f5ab6e37fddcef160d3a559444397b636dc3c81d99681065f156ee_1280.jpg","publicUrl":"np://user.desktop.nicepage.com/Site_50074301/images/b3f4b86ef58470c64a2fac6933e3e9764611c6e1a943e797717a661ffc626925f5ab6e37fddcef160d3a559444397b636dc3c81d99681065f156ee_1280.jpg","size":198653,"fileName":"b3f4b86ef58470c64a2fac6933e3e9764611c6e1a943e797717a661ffc626925f5ab6e37fddcef160d3a559444397b636dc3c81d99681065f156ee_1280.jpg","name":"b3f4b86ef58470c64a2fac6933e3e9764611c6e1a943e797717a661ffc626925f5ab6e37fddcef160d3a559444397b636dc3c81d99681065f156ee_1280","width":1280,"height":853,"thumbnail":{"url":"np://user.desktop.nicepage.com/Site_50074301/images/thumbnails/b3f4b86ef58470c64a2fac6933e3e9764611c6e1a943e797717a661ffc626925f5ab6e37fddcef160d3a559444397b636dc3c81d99681065f156ee_1280.jpg","width":250,"height":167}},{"id":"user-image-ab75606b-93c5-1201-55d8-c6f6c258b9f6.jpg","publicUrl":"np://user.desktop.nicepage.com/Site_50074301/images/ab75606b-93c5-1201-55d8-c6f6c258b9f6.jpg","size":32639,"fileName":"ab75606b-93c5-1201-55d8-c6f6c258b9f6.jpg","name":"ab75606b-93c5-1201-55d8-c6f6c258b9f6","width":1980,"height":1320,"thumbnail":{"url":"np://user.desktop.nicepage.com/Site_50074301/images/thumbnails/ab75606b-93c5-1201-55d8-c6f6c258b9f6.jpg","width":250,"height":167},"originalUrl":"//images01.nicepagecdn.com/c461c07a441a5d220e8feb1a/f27f0d13dd5a526e88427a09/ab75606b-93c5-1201-55d8-c6f6c258b9f6.jpg"},{"id":"user-image-behang-met-een-pakhuis_9.webp","publicUrl":"np://user.desktop.nicepage.com/Site_50074301/images/behang-met-een-pakhuis_9.webp","size":82894,"fileName":"behang-met-een-pakhuis_9.webp","name":"behang-met-een-pakhuis_9","width":1024,"height":682,"thumbnail":{"url":"np://user.desktop.nicepage.com/Site_50074301/images/behang-met-een-pakhuis_9.webp","width":250,"height":167}},{"id":"user-image-businessman-checking-stock-market-online_53876-11970.jpg","publicUrl":"np://user.desktop.nicepage.com/Site_50074301/images/businessman-checking-stock-market-online_53876-11970.jpg","size":138930,"fileName":"businessman-checking-stock-market-online_53876-11970.jpg","name":"businessman-checking-stock-market-online_53876-11970","width":626,"height":417,"thumbnail":{"url":"np://user.desktop.nicepage.com/Site_50074301/images/thumbnails/businessman-checking-stock-market-online_53876-11970.jpg","width":250,"height":167},"originalUrl":"//images01.nicepage.com/c461c07a441a5d220e8feb1a/b534a78ec5a150be9df34412/businessman-checking-stock-market-online_53876-11970.jpg"},{"id":"user-image-cjas.PNG","publicUrl":"np://user.desktop.nicepage.com/Site_50074301/images/cjas.PNG","size":57592,"fileName":"cjas.PNG","name":"cjas","width":1104,"height":678,"thumbnail":{"url":"np://user.desktop.nicepage.com/Site_50074301/images/thumbnails/cjas.PNG","width":250,"height":154}},{"id":"user-image-cropped-plant-growing-in-the-ground_menor_calidad-scaled-1-1536x942.jpg","publicUrl":"np://user.desktop.nicepage.com/Site_50074301/images/cropped-plant-growing-in-the-ground_menor_calidad-scaled-1-1536x942.jpg","size":122127,"fileName":"cropped-plant-growing-in-the-ground_menor_calidad-scaled-1-1536x942.jpg","name":"cropped-plant-growing-in-the-ground_menor_calidad-scaled-1-1536x942","width":1536,"height":942,"thumbnail":{"url":"np://user.desktop.nicepage.com/Site_50074301/images/thumbnails/cropped-plant-growing-in-the-ground_menor_calidad-scaled-1-1536x942.jpg","width":250,"height":153}},{"id":"user-image-e916e899-9128-4aac-8760-007d5815c973.jpg","publicUrl":"np://user.desktop.nicepage.com/Site_50074301/images/e916e899-9128-4aac-8760-007d5815c973.jpg","size":50488,"fileName":"e916e899-9128-4aac-8760-007d5815c973.jpg","name":"e916e899-9128-4aac-8760-007d5815c973","width":1500,"height":1000,"thumbnail":{"url":"np://user.desktop.nicepage.com/Site_50074301/images/thumbnails/e916e899-9128-4aac-8760-007d5815c973.jpg","width":250,"height":167},"originalUrl":"//images01.nicepagecdn.com/a1389d7bc73adea1e1c1fb7e/28d87030824150d899584d81/e916e899-9128-4aac-8760-007d5815c973.jpg"},{"id":"user-image-ecoeval1.png","publicUrl":"np://user.desktop.nicepage.com/Site_50074301/images/ecoeval1.png","size":750828,"fileName":"ecoeval1.png","name":"ecoeval1","width":1747,"height":1327,"thumbnail":{"url":"np://user.desktop.nicepage.com/Site_50074301/images/thumbnails/ecoeval1.png","width":250,"height":190}},{"id":"user-image-ecoeval2.png","publicUrl":"np://user.desktop.nicepage.com/Site_50074301/images/ecoeval2.png","size":684441,"fileName":"ecoeval2.png","name":"ecoeval2","width":1664,"height":1184,"thumbnail":{"url":"np://user.desktop.nicepage.com/Site_50074301/images/thumbnails/ecoeval2.png","width":250,"height":178}},{"id":"user-image-1070717720-0.jpeg","publicUrl":"np://user.desktop.nicepage.com/Site_50074301/images/1070717720-0.jpeg","size":255576,"fileName":"1070717720-0.jpeg","name":"1070717720-0","width":1553,"height":1000,"thumbnail":{"url":"np://user.desktop.nicepage.com/Site_50074301/images/thumbnails/1070717720-0.jpeg","width":250,"height":161}},{"id":"user-image-ecoeval4.png","publicUrl":"np://user.desktop.nicepage.com/Site_50074301/images/ecoeval4.png","size":78363,"fileName":"ecoeval4.png","name":"ecoeval4","width":602,"height":328,"thumbnail":{"url":"np://user.desktop.nicepage.com/Site_50074301/images/thumbnails/ecoeval4.png","width":250,"height":136}},{"id":"user-image-f98d798c8374b9a3502793ccdcacd7b5bd96419cf46cf575e1a6406fb1a1876f854b92e03166e74a959afd3a2194b08eed9ae850679c44de1cf1a7_1280.jpg","publicUrl":"np://user.desktop.nicepage.com/Site_50074301/images/f98d798c8374b9a3502793ccdcacd7b5bd96419cf46cf575e1a6406fb1a1876f854b92e03166e74a959afd3a2194b08eed9ae850679c44de1cf1a7_1280.jpg","size":459655,"fileName":"f98d798c8374b9a3502793ccdcacd7b5bd96419cf46cf575e1a6406fb1a1876f854b92e03166e74a959afd3a2194b08eed9ae850679c44de1cf1a7_1280.jpg","name":"f98d798c8374b9a3502793ccdcacd7b5bd96419cf46cf575e1a6406fb1a1876f854b92e03166e74a959afd3a2194b08eed9ae850679c44de1cf1a7_1280","width":1280,"height":908,"thumbnail":{"url":"np://user.desktop.nicepage.com/Site_50074301/images/thumbnails/f98d798c8374b9a3502793ccdcacd7b5bd96419cf46cf575e1a6406fb1a1876f854b92e03166e74a959afd3a2194b08eed9ae850679c44de1cf1a7_1280.jpg","width":250,"height":177}},{"id":"user-image-wp1895394.jpg","publicUrl":"np://user.desktop.nicepage.com/Site_50074301/images/wp1895394.jpg","size":519894,"fileName":"wp1895394.jpg","name":"wp1895394","width":1920,"height":1200,"thumbnail":{"url":"np://user.desktop.nicepage.com/Site_50074301/images/thumbnails/wp1895394.jpg","width":250,"height":156}},{"id":"user-image-fg5.jpg","publicUrl":"np://user.desktop.nicepage.com/Site_50074301/images/fg5.jpg","size":29229,"fileName":"fg5.jpg","name":"fg5","width":1980,"height":1114,"thumbnail":{"url":"np://user.desktop.nicepage.com/Site_50074301/images/thumbnails/fg5.jpg","width":250,"height":141},"originalUrl":"//images01.nicepagecdn.com/c461c07a441a5d220e8feb1a/0d8d707fc50a59949933ba9d/fg5.jpg"},{"id":"user-image-fgc.jpg","publicUrl":"np://user.desktop.nicepage.com/Site_50074301/images/fgc.jpg","size":401544,"fileName":"fgc.jpg","name":"fgc","width":1200,"height":857,"thumbnail":{"url":"np://user.desktop.nicepage.com/Site_50074301/images/thumbnails/fgc.jpg","width":250,"height":179},"originalUrl":"//images01.nicepage.com/c461c07a441a5d220e8feb1a/58aa720e6bf7537799fb2aec/fgc.jpg"},{"id":"user-image-fondo1.png","publicUrl":"np://user.desktop.nicepage.com/Site_50074301/images/fondo1.png","size":356371,"fileName":"fondo1.png","name":"fondo1","width":800,"height":600,"thumbnail":{"url":"np://user.desktop.nicepage.com/Site_50074301/images/thumbnails/fondo1.png","width":250,"height":188}},{"id":"user-image-image.png","publicUrl":"np://user.desktop.nicepage.com/Site_50074301/images/image.png","size":172063,"fileName":"image.png","name":"image","width":1122,"height":501,"thumbnail":{"url":"np://user.desktop.nicepage.com/Site_50074301/images/thumbnails/image.png","width":250,"height":112}},{"id":"user-image-image10.png","publicUrl":"np://user.desktop.nicepage.com/Site_50074301/images/image10.png","size":155463,"fileName":"image10.png","name":"image10","width":830,"height":647,"thumbnail":{"url":"np://user.desktop.nicepage.com/Site_50074301/images/thumbnails/image10.png","width":250,"height":195}},{"id":"user-image-image11.png","publicUrl":"np://user.desktop.nicepage.com/Site_50074301/images/image11.png","size":245213,"fileName":"image11.png","name":"image11","width":925,"height":707,"thumbnail":{"url":"np://user.desktop.nicepage.com/Site_50074301/images/thumbnails/image11.png","width":250,"height":191}},{"id":"user-image-image13.png","publicUrl":"np://user.desktop.nicepage.com/Site_50074301/images/image13.png","size":18041,"fileName":"image13.png","name":"image13","width":1419,"height":261,"thumbnail":{"url":"np://user.desktop.nicepage.com/Site_50074301/images/thumbnails/image13.png","width":250,"height":46}},{"id":"user-image-image14.png","publicUrl":"np://user.desktop.nicepage.com/Site_50074301/images/image14.png","size":22737,"fileName":"image14.png","name":"image14","width":1505,"height":359,"thumbnail":{"url":"np://user.desktop.nicepage.com/Site_50074301/images/thumbnails/image14.png","width":250,"height":60}},{"id":"user-image-image15.png","publicUrl":"np://user.desktop.nicepage.com/Site_50074301/images/image15.png","size":294404,"fileName":"image15.png","name":"image15","width":628,"height":668,"thumbnail":{"url":"np://user.desktop.nicepage.com/Site_50074301/images/thumbnails/image15.png","width":235,"height":250}},{"id":"user-image-image16.png","publicUrl":"np://user.desktop.nicepage.com/Site_50074301/images/image16.png","size":180105,"fileName":"image16.png","name":"image16","width":828,"height":737,"thumbnail":{"url":"np://user.desktop.nicepage.com/Site_50074301/images/thumbnails/image16.png","width":250,"height":223}},{"id":"user-image-image17.png","publicUrl":"np://user.desktop.nicepage.com/Site_50074301/images/image17.png","size":158025,"fileName":"image17.png","name":"image17","width":826,"height":686,"thumbnail":{"url":"np://user.desktop.nicepage.com/Site_50074301/images/thumbnails/image17.png","width":250,"height":208}},{"id":"user-image-image18.png","publicUrl":"np://user.desktop.nicepage.com/Site_50074301/images/image18.png","size":89993,"fileName":"image18.png","name":"image18","width":1500,"height":311,"thumbnail":{"url":"np://user.desktop.nicepage.com/Site_50074301/images/thumbnails/image18.png","width":250,"height":52}},{"id":"user-image-image19.png","publicUrl":"np://user.desktop.nicepage.com/Site_50074301/images/image19.png","size":205468,"fileName":"image19.png","name":"image19","width":1314,"height":580,"thumbnail":{"url":"np://user.desktop.nicepage.com/Site_50074301/images/thumbnails/image19.png","width":250,"height":110}},{"id":"user-image-image20.png","publicUrl":"np://user.desktop.nicepage.com/Site_50074301/images/image20.png","size":213172,"fileName":"image20.png","name":"image20","width":1311,"height":582,"thumbnail":{"url":"np://user.desktop.nicepage.com/Site_50074301/images/thumbnails/image20.png","width":250,"height":111}},{"id":"user-image-image21.png","publicUrl":"np://user.desktop.nicepage.com/Site_50074301/images/image21.png","size":232447,"fileName":"image21.png","name":"image21","width":1031,"height":585,"thumbnail":{"url":"np://user.desktop.nicepage.com/Site_50074301/images/thumbnails/image21.png","width":250,"height":142}},{"id":"user-image-image22.png","publicUrl":"np://user.desktop.nicepage.com/Site_50074301/images/image22.png","size":295000,"fileName":"image22.png","name":"image22","width":1504,"height":367,"thumbnail":{"url":"np://user.desktop.nicepage.com/Site_50074301/images/thumbnails/image22.png","width":250,"height":61}},{"id":"user-image-image23.png","publicUrl":"np://user.desktop.nicepage.com/Site_50074301/images/image23.png","size":217660,"fileName":"image23.png","name":"image23","width":1489,"height":453,"thumbnail":{"url":"np://user.desktop.nicepage.com/Site_50074301/images/thumbnails/image23.png","width":250,"height":76}},{"id":"user-image-image3.png","publicUrl":"np://user.desktop.nicepage.com/Site_50074301/images/image3.png","size":83036,"fileName":"image3.png","name":"image3","width":833,"height":762,"thumbnail":{"url":"np://user.desktop.nicepage.com/Site_50074301/images/thumbnails/image3.png","width":250,"height":229}},{"id":"user-image-image4.png","publicUrl":"np://user.desktop.nicepage.com/Site_50074301/images/image4.png","size":203112,"fileName":"image4.png","name":"image4","width":824,"height":635,"thumbnail":{"url":"np://user.desktop.nicepage.com/Site_50074301/images/thumbnails/image4.png","width":250,"height":193}},{"id":"user-image-image6.png","publicUrl":"np://user.desktop.nicepage.com/Site_50074301/images/image6.png","size":85960,"fileName":"image6.png","name":"image6","width":712,"height":709,"thumbnail":{"url":"np://user.desktop.nicepage.com/Site_50074301/images/thumbnails/image6.png","width":250,"height":249}},{"id":"user-image-image7.png","publicUrl":"np://user.desktop.nicepage.com/Site_50074301/images/image7.png","size":104607,"fileName":"image7.png","name":"image7","width":850,"height":721,"thumbnail":{"url":"np://user.desktop.nicepage.com/Site_50074301/images/thumbnails/image7.png","width":250,"height":212}},{"id":"user-image-image8.png","publicUrl":"np://user.desktop.nicepage.com/Site_50074301/images/image8.png","size":156395,"fileName":"image8.png","name":"image8","width":1125,"height":612,"thumbnail":{"url":"np://user.desktop.nicepage.com/Site_50074301/images/thumbnails/image8.png","width":250,"height":136}},{"id":"user-image-image9.png","publicUrl":"np://user.desktop.nicepage.com/Site_50074301/images/image9.png","size":91753,"fileName":"image9.png","name":"image9","width":787,"height":637,"thumbnail":{"url":"np://user.desktop.nicepage.com/Site_50074301/images/thumbnails/image9.png","width":250,"height":202}},{"id":"user-image-ja.PNG","publicUrl":"np://user.desktop.nicepage.com/Site_50074301/images/ja.PNG","size":100577,"fileName":"ja.PNG","name":"ja","width":1340,"height":774,"thumbnail":{"url":"np://user.desktop.nicepage.com/Site_50074301/images/thumbnails/ja.PNG","width":250,"height":144}},{"id":"user-image-wp10989578.webp","publicUrl":"np://user.desktop.nicepage.com/Site_50074301/images/wp10989578.webp","size":78100,"fileName":"wp10989578.webp","name":"wp10989578","width":1920,"height":1080,"thumbnail":{"url":"np://user.desktop.nicepage.com/Site_50074301/images/wp10989578.webp","width":250,"height":141}},{"id":"user-image-wp10364287.webp","publicUrl":"np://user.desktop.nicepage.com/Site_50074301/images/wp10364287.webp","size":174522,"fileName":"wp10364287.webp","name":"wp10364287","width":1920,"height":1080,"thumbnail":{"url":"np://user.desktop.nicepage.com/Site_50074301/images/wp10364287.webp","width":250,"height":141}},{"id":"user-image-music-player-app-interface-set_23-2148547854.jpg","publicUrl":"np://user.desktop.nicepage.com/Site_50074301/images/music-player-app-interface-set_23-2148547854.jpg","size":80515,"fileName":"music-player-app-interface-set_23-2148547854.jpg","name":"music-player-app-interface-set_23-2148547854","width":626,"height":626,"thumbnail":{"url":"np://user.desktop.nicepage.com/Site_50074301/images/thumbnails/music-player-app-interface-set_23-2148547854.jpg","width":250,"height":250},"originalUrl":"//images01.nicepage.com/c461c07a441a5d220e8feb1a/8b0c6018708c54bfb36443dd/music-player-app-interface-set_23-2148547854.jpg"},{"id":"user-image-node-red-icon.png","publicUrl":"np://user.desktop.nicepage.com/Site_50074301/images/node-red-icon.png","size":15345,"fileName":"node-red-icon.png","name":"node-red-icon","width":480,"height":480,"thumbnail":{"url":"np://user.desktop.nicepage.com/Site_50074301/images/thumbnails/node-red-icon.png","width":250,"height":250}},{"id":"user-image-pexels-photo-3136673.jpeg","publicUrl":"np://user.desktop.nicepage.com/Site_50074301/images/pexels-photo-3136673.jpeg","size":167937,"fileName":"pexels-photo-3136673.jpeg","name":"pexels-photo-3136673","width":2250,"height":1500,"thumbnail":{"url":"np://user.desktop.nicepage.com/Site_50074301/images/thumbnails/pexels-photo-3136673.jpeg","width":250,"height":167},"originalUrl":"//images01.nicepage.com/a1389d7bc73adea1e1c1fb7e/d2322952c821563c9989f1aa/pexels-photo-3136673.jpeg"},{"id":"user-image-pexels-photo-39758928.jpg","publicUrl":"np://user.desktop.nicepage.com/Site_50074301/images/pexels-photo-39758928.jpg","size":59495,"fileName":"pexels-photo-39758928.jpg","name":"pexels-photo-39758928","width":1631,"height":1080,"thumbnail":{"url":"np://user.desktop.nicepage.com/Site_50074301/images/thumbnails/pexels-photo-39758928.jpg","width":250,"height":166},"originalUrl":"//images01.nicepagecdn.com/a1389d7bc73adea1e1c1fb7e/c2d282c3ab205d64a3ba22c9/pexels-photo-39758928.jpg"},{"id":"user-image-pexels-vladimir-konoplev-12088590-Copy.jpg","publicUrl":"np://user.desktop.nicepage.com/Site_50074301/images/pexels-vladimir-konoplev-12088590-Copy.jpg","size":107393,"fileName":"pexels-vladimir-konoplev-12088590-Copy.jpg","name":"pexels-vladimir-konoplev-12088590-Copy","width":724,"height":1080,"thumbnail":{"url":"np://user.desktop.nicepage.com/Site_50074301/images/thumbnails/pexels-vladimir-konoplev-12088590-Copy.jpg","width":168,"height":250},"originalUrl":"//images01.nicepagecdn.com/a1389d7bc73adea1e1c1fb7e/ad7c4b0259075c5e84364529/pexels-vladimir-konoplev-12088590-Copy.jpg"},{"id":"user-image-rob1.png","publicUrl":"np://user.desktop.nicepage.com/Site_50074301/images/rob1.png","size":193029,"fileName":"rob1.png","name":"rob1","width":597,"height":378,"thumbnail":{"url":"np://user.desktop.nicepage.com/Site_50074301/images/thumbnails/rob1.png","width":250,"height":158}},{"id":"user-image-rob2.png","publicUrl":"np://user.desktop.nicepage.com/Site_50074301/images/rob2.png","size":66905,"fileName":"rob2.png","name":"rob2","width":353,"height":239,"thumbnail":{"url":"np://user.desktop.nicepage.com/Site_50074301/images/thumbnails/rob2.png","width":250,"height":169}},{"id":"user-image-rob3.png","publicUrl":"np://user.desktop.nicepage.com/Site_50074301/images/rob3.png","size":78372,"fileName":"rob3.png","name":"rob3","width":528,"height":413,"thumbnail":{"url":"np://user.desktop.nicepage.com/Site_50074301/images/thumbnails/rob3.png","width":250,"height":196}},{"id":"user-image-rtrait-young-woman-casual-clothes-with-blonde-dyed-hair-gently-smiling-during-pleasant-conversation-standing-closed-posture.jpg","publicUrl":"np://user.desktop.nicepage.com/Site_50074301/images/rtrait-young-woman-casual-clothes-with-blonde-dyed-hair-gently-smiling-during-pleasant-conversation-standing-closed-posture.jpg","size":52267,"fileName":"rtrait-young-woman-casual-clothes-with-blonde-dyed-hair-gently-smiling-during-pleasant-conversation-standing-closed-posture.jpg","name":"rtrait-young-woman-casual-clothes-with-blonde-dyed-hair-gently-smiling-during-pleasant-conversation-standing-closed-posture","width":1500,"height":1000,"thumbnail":{"url":"np://user.desktop.nicepage.com/Site_50074301/images/thumbnails/rtrait-young-woman-casual-clothes-with-blonde-dyed-hair-gently-smiling-during-pleasant-conversation-standing-closed-posture.jpg","width":250,"height":167},"originalUrl":"//images01.nicepagecdn.com/a1389d7bc73adea1e1c1fb7e/04ee3ddda8d95834bb92e570/portrait-young-woman-casual-clothes-with-blonde-dyed-hair-gently-smiling-during-pleasant-conversation-standing-closed-posture.jpg"},{"id":"user-image-ygty-min.jpg","publicUrl":"np://user.desktop.nicepage.com/Site_50074301/images/ygty-min.jpg","size":118447,"fileName":"ygty-min.jpg","name":"ygty-min","width":1000,"height":820,"thumbnail":{"url":"np://user.desktop.nicepage.com/Site_50074301/images/thumbnails/ygty-min.jpg","width":250,"height":205},"originalUrl":"//images01.nicepage.com/c461c07a441a5d220e8feb1a/8b50a7ed4c3557b2bab0f4a2/ygty-min.jpg"},{"id":"user-image-logo-Logosimboloblack.drawio.png","publicUrl":"np://user.desktop.nicepage.com/Site_50074301/images/logo-Logosimboloblack.drawio.png","size":136574,"fileName":"logo-Logosimboloblack.drawio.png","name":"logo-Logosimboloblack.drawio","width":1080,"height":1435,"thumbnail":{"url":"np://user.desktop.nicepage.com/Site_50074301/images/thumbnails/logo-Logosimboloblack.drawio.png","width":188,"height":250}},{"id":"user-image-logo-CopyofLogosimbolo.drawio.png","publicUrl":"np://user.desktop.nicepage.com/Site_50074301/images/logo-CopyofLogosimbolo.drawio.png","size":114207,"fileName":"logo-CopyofLogosimbolo.drawio.png","name":"logo-CopyofLogosimbolo.drawio","width":1080,"height":1080,"thumbnail":{"url":"np://user.desktop.nicepage.com/Site_50074301/images/thumbnails/logo-CopyofLogosimbolo.drawio.png","width":250,"height":250}}]