{
  "custom": {},
  "params": {
    "params": {},
    "size": "medium"
  },
  "propConfig": {
    "params.params": {
      "paramDirection": "input",
      "persistent": true
    },
    "params.size": {
      "paramDirection": "input"
    }
  },
  "props": {
    "defaultSize": {
      "height": 58,
      "width": 839
    }
  },
  "root": {
    "children": [
      {
        "events": {
          "dom": {
            "onClick": {
              "config": {
                "newTab": true,
                "url": "https://art3chautomation.github.io/WarePatch"
              },
              "scope": "C",
              "type": "nav"
            }
          }
        },
        "meta": {
          "name": "Image"
        },
        "position": {
          "basis": "100px"
        },
        "props": {
          "altText": "ART3CH Logo",
          "fit": {
            "mode": "contain"
          },
          "source": "/system/images/logo-Logo black.drawio.png",
          "style": {
            "paddingBottom": 2,
            "paddingLeft": 2,
            "paddingRight": 2,
            "paddingTop": 2
          }
        },
        "type": "ia.display.image"
      },
      {
        "meta": {
          "hasDelegate": true,
          "name": "Spacer Start"
        },
        "position": {
          "basis": "16px",
          "shrink": 0
        },
        "props": {
          "text": " "
        },
        "type": "ia.display.label"
      },
      {
        "events": {
          "dom": {
            "onClick": {
              "config": {
                "id": "menu",
                "type": "toggle"
              },
              "scope": "C",
              "type": "dock"
            }
          }
        },
        "meta": {
          "name": "Menu Dock"
        },
        "position": {
          "basis": "24px",
          "shrink": 0
        },
        "propConfig": {
          "position.display": {
            "binding": {
              "config": {
                "expression": "{view.params.size} \u003d \"small\""
              },
              "type": "expr"
            }
          }
        },
        "props": {
          "path": "material/menu",
          "style": {
            "classes": "Header/Icon",
            "marginRight": "10px"
          }
        },
        "type": "ia.display.icon"
      },
      {
        "meta": {
          "name": "Menu"
        },
        "propConfig": {
          "position.display": {
            "binding": {
              "config": {
                "expression": "{view.params.size} !\u003d \"small\""
              },
              "type": "expr"
            }
          }
        },
        "props": {
          "path": "Docks/Menu Horizontal",
          "style": {
            "marginBottom": "10px",
            "marginLeft": "16px",
            "marginRight": "16px",
            "marginTop": "10px"
          }
        },
        "type": "ia.display.view"
      },
      {
        "meta": {
          "hasDelegate": true,
          "name": "Filler"
        },
        "position": {
          "basis": "5px",
          "grow": 1,
          "shrink": 0
        },
        "props": {
          "text": " "
        },
        "type": "ia.display.label"
      },
      {
        "meta": {
          "name": "Dropdown"
        },
        "position": {
          "basis": "124px",
          "shrink": 0
        },
        "propConfig": {
          "props.value": {
            "binding": {
              "config": {
                "bidirectional": true,
                "path": "session.props.theme"
              },
              "type": "property"
            }
          }
        },
        "props": {
          "options": [
            {
              "label": "light",
              "value": "light"
            },
            {
              "label": "light-warm",
              "value": "light-warm"
            },
            {
              "label": "dark",
              "value": "dark"
            },
            {
              "label": "dark-warm",
              "value": "dark-warm"
            }
          ],
          "search": {
            "enabled": false
          },
          "style": {
            "classes": "Header/DropDown"
          }
        },
        "type": "ia.input.dropdown"
      },
      {
        "meta": {
          "hasDelegate": true,
          "name": "Spacer 1"
        },
        "position": {
          "basis": "10px",
          "shrink": 0
        },
        "props": {
          "text": " "
        },
        "type": "ia.display.label"
      },
      {
        "events": {
          "dom": {
            "onClick": {
              "config": {
                "script": "\tif not self.session.props.auth.authenticated:\n\t\tsystem.perspective.login()\n\telse:\n\t\tsystem.perspective.logout()"
              },
              "scope": "G",
              "type": "script"
            }
          }
        },
        "meta": {
          "name": "User"
        },
        "position": {
          "basis": "30px",
          "shrink": 0
        },
        "props": {
          "path": "material/person",
          "style": {
            "classes": "Header/Icon"
          }
        },
        "type": "ia.display.icon"
      },
      {
        "events": {
          "dom": {
            "onClick": {
              "config": {
                "script": "\tif not self.session.props.auth.authenticated:\n\t\tsystem.perspective.login()\n\telse:\n\t\tsystem.perspective.logout()"
              },
              "scope": "G",
              "type": "script"
            }
          }
        },
        "meta": {
          "hasDelegate": true,
          "name": "Sign In"
        },
        "position": {
          "shrink": 0
        },
        "propConfig": {
          "position.display": {
            "binding": {
              "config": {
                "expression": "{view.params.size} \u003d \"large\""
              },
              "type": "expr"
            }
          },
          "props.text": {
            "binding": {
              "config": {
                "path": "session.props.auth.user.userName"
              },
              "transforms": [
                {
                  "expression": "if({value} \u003d null || len({value}) \u003d 0, \"Sign In\", {value})",
                  "type": "expression"
                }
              ],
              "type": "property"
            }
          }
        },
        "props": {
          "style": {
            "cursor": "pointer",
            "marginLeft": "4px"
          }
        },
        "type": "ia.display.label"
      },
      {
        "meta": {
          "hasDelegate": true,
          "name": "Spacer 2"
        },
        "position": {
          "basis": "10px"
        },
        "props": {
          "text": " "
        },
        "type": "ia.display.label"
      },
      {
        "events": {
          "dom": {
            "onClick": {
              "config": {
                "page": "/alarms"
              },
              "scope": "C",
              "type": "nav"
            }
          }
        },
        "meta": {
          "name": "Alarm Icon"
        },
        "position": {
          "basis": "26px",
          "shrink": 0
        },
        "propConfig": {
          "props.style.classes": {
            "binding": {
              "config": {
                "path": "../Alarms.custom.numAlarms"
              },
              "transforms": [
                {
                  "expression": "if({value} \u003e 0, \"Header/Alarm_Active\", \"Header/Icon\")",
                  "type": "expression"
                }
              ],
              "type": "property"
            }
          }
        },
        "props": {
          "path": "material/alarm"
        },
        "type": "ia.display.icon"
      },
      {
        "events": {
          "dom": {
            "onClick": {
              "config": {
                "page": "/alarms"
              },
              "scope": "C",
              "type": "nav"
            }
          }
        },
        "meta": {
          "hasDelegate": true,
          "name": "Alarms"
        },
        "position": {
          "shrink": 0
        },
        "propConfig": {
          "custom.numAlarms": {
            "binding": {
              "config": {
                "expression": "now(2000)"
              },
              "transforms": [
                {
                  "code": "\treturn len(system.alarm.queryStatus(state\u003d[\"ActiveUnacked\"]))",
                  "type": "script"
                }
              ],
              "type": "expr"
            }
          },
          "position.display": {
            "binding": {
              "config": {
                "expression": "{view.params.size} \u003d \"large\""
              },
              "type": "expr"
            }
          },
          "props.style.classes": {
            "binding": {
              "config": {
                "path": "../Alarms.custom.numAlarms"
              },
              "transforms": [
                {
                  "expression": "if({value} \u003e 0, \"Header/Alarm_Active\", \"Header/Icon\")",
                  "type": "expression"
                }
              ],
              "type": "property"
            }
          },
          "props.text": {
            "binding": {
              "config": {
                "path": "this.custom.numAlarms"
              },
              "transforms": [
                {
                  "expression": "numberFormat({value}, \"#,##0\") + \" alarm\" + if({value} \u003e 1 || {value} \u003d 0, \"s\", \"\")",
                  "type": "expression"
                }
              ],
              "type": "property"
            }
          }
        },
        "props": {
          "style": {
            "cursor": "pointer",
            "marginLeft": "6px"
          }
        },
        "type": "ia.display.label"
      },
      {
        "meta": {
          "hasDelegate": true,
          "name": "Spacer End"
        },
        "position": {
          "basis": "16px",
          "shrink": 0
        },
        "props": {
          "text": " "
        },
        "type": "ia.display.label"
      }
    ],
    "meta": {
      "name": "root"
    },
    "props": {
      "style": {
        "backgroundColor": "#303841",
        "classes": "Header/Header"
      }
    },
    "type": "ia.container.flex"
  }
}